event_index,timestamp,source_type,host_id,process_name,pid,parent_process,event_type,operation,object,bytes_written,entropy_before,entropy_after,dst_ip,domain,label,family
0,2026-06-26T11:58:37,simulated_behavior,lab-host-01,chrome.exe,1100,explorer.exe,file_read,read,C:\Users\User\Documents\file_4.txt,0,4.483100999519666,3.4897837076069527,,,benign,benign
1,2026-06-26T11:58:39,simulated_behavior,lab-host-01,code.exe,1200,explorer.exe,file_write,write,C:\Users\User\AppData\Local\Temp\log_48.tmp,519,3.691748718557278,4.330448919262113,,,benign,benign
2,2026-06-26T11:58:41,simulated_behavior,lab-host-01,chrome.exe,1100,explorer.exe,registry_set,set,HKCU\Software\chrome\Settings,0,0.0,0.0,,,benign,benign
3,2026-06-26T11:58:43,simulated_behavior,lab-host-01,Valorant_Tracker.exe,1500,explorer.exe,network_connection,connect,api.tracker.gg,0,0.0,0.0,192.168.1.10,api.tracker.gg,benign,benign
4,2026-06-26T11:58:45,simulated_behavior,lab-host-01,chrome.exe,1100,explorer.exe,file_read,read,C:\Users\User\Documents\file_12.txt,0,3.4372759496072067,4.0107105762067246,,,benign,benign
5,2026-06-26T11:58:47,simulated_behavior,lab-host-01,chrome.exe,1100,explorer.exe,file_write,write,C:\Users\User\AppData\Local\Temp\log_36.tmp,914,3.7900490323060088,3.8533124339755895,,,benign,benign
6,2026-06-26T11:58:49,simulated_behavior,lab-host-01,idman642build63.exe,1400,explorer.exe,registry_set,set,HKCU\Software\idman642build63\Settings,0,0.0,0.0,,,benign,benign
7,2026-06-26T11:58:51,simulated_behavior,lab-host-01,code.exe,1200,explorer.exe,network_connection,connect,api.tracker.gg,0,0.0,0.0,192.168.1.152,api.tracker.gg,benign,benign
8,2026-06-26T11:58:53,simulated_behavior,lab-host-01,python.exe,1300,cmd.exe,file_read,read,C:\Users\User\Documents\file_1.txt,0,4.517614734259535,3.31931863275378,,,benign,benign
9,2026-06-26T11:58:55,simulated_behavior,lab-host-01,idman642build63.exe,1400,explorer.exe,file_write,write,C:\Users\User\AppData\Local\Temp\log_22.tmp,1238,2.388698749529454,4.4930326805169525,,,benign,benign
10,2026-06-26T11:58:57,simulated_behavior,lab-host-01,python.exe,1300,cmd.exe,registry_set,set,HKCU\Software\python\Settings,0,0.0,0.0,,,benign,benign
11,2026-06-26T11:58:59,simulated_behavior,lab-host-01,chrome.exe,1100,explorer.exe,network_connection,connect,google.com,0,0.0,0.0,192.168.1.99,google.com,benign,benign
12,2026-06-26T11:59:01,simulated_behavior,lab-host-01,chrome.exe,1100,explorer.exe,file_read,read,C:\Users\User\Documents\file_46.txt,0,4.694988732694919,4.207452062733783,,,benign,benign
13,2026-06-26T11:59:03,simulated_behavior,lab-host-01,chrome.exe,1100,explorer.exe,file_write,write,C:\Users\User\AppData\Local\Temp\log_47.tmp,1981,3.340570228636752,4.5327894099484265,,,benign,benign
14,2026-06-26T11:59:05,simulated_behavior,lab-host-01,idman642build63.exe,1400,explorer.exe,registry_set,set,HKCU\Software\idman642build63\Settings,0,0.0,0.0,,,benign,benign
15,2026-06-26T11:59:07,simulated_behavior,lab-host-01,chrome.exe,1100,explorer.exe,network_connection,connect,microsoft.com,0,0.0,0.0,192.168.1.214,microsoft.com,benign,benign
16,2026-06-26T11:59:09,simulated_behavior,lab-host-01,Valorant_Tracker.exe,1500,explorer.exe,file_read,read,C:\Users\User\Documents\file_47.txt,0,4.154704290513524,4.409143672429847,,,benign,benign
17,2026-06-26T11:59:11,simulated_behavior,lab-host-01,chrome.exe,1100,explorer.exe,file_write,write,C:\Users\User\AppData\Local\Temp\log_43.tmp,1033,3.9326708519717295,4.563053801651894,,,benign,benign
18,2026-06-26T11:59:13,simulated_behavior,lab-host-01,code.exe,1200,explorer.exe,registry_set,set,HKCU\Software\code\Settings,0,0.0,0.0,,,benign,benign
19,2026-06-26T11:59:15,simulated_behavior,lab-host-01,chrome.exe,1100,explorer.exe,network_connection,connect,api.tracker.gg,0,0.0,0.0,192.168.1.73,api.tracker.gg,benign,benign
20,2026-06-26T11:59:17,simulated_behavior,lab-host-01,idman642build63.exe,1400,explorer.exe,file_read,read,C:\Users\User\Documents\file_82.txt,0,4.6682208532815,3.3253081943121696,,,benign,benign
21,2026-06-26T11:59:19,simulated_behavior,lab-host-01,python.exe,1300,cmd.exe,file_write,write,C:\Users\User\AppData\Local\Temp\log_14.tmp,2845,2.6674445551227834,4.441636469281235,,,benign,benign
22,2026-06-26T11:59:21,simulated_behavior,lab-host-01,chrome.exe,1100,explorer.exe,registry_set,set,HKCU\Software\chrome\Settings,0,0.0,0.0,,,benign,benign
23,2026-06-26T11:59:23,simulated_behavior,lab-host-01,Valorant_Tracker.exe,1500,explorer.exe,network_connection,connect,github.com,0,0.0,0.0,192.168.1.138,github.com,benign,benign
24,2026-06-26T11:59:25,simulated_behavior,lab-host-01,code.exe,1200,explorer.exe,file_read,read,C:\Users\User\Documents\file_21.txt,0,3.9245204237022318,3.539895653568556,,,benign,benign
25,2026-06-26T11:59:27,simulated_behavior,lab-host-01,Valorant_Tracker.exe,1500,explorer.exe,file_write,write,C:\Users\User\AppData\Local\Temp\log_15.tmp,2904,2.8107068360383045,4.0207839439809305,,,benign,benign
26,2026-06-26T11:59:29,simulated_behavior,lab-host-01,chrome.exe,1100,explorer.exe,registry_set,set,HKCU\Software\chrome\Settings,0,0.0,0.0,,,benign,benign
27,2026-06-26T11:59:31,simulated_behavior,lab-host-01,code.exe,1200,explorer.exe,network_connection,connect,google.com,0,0.0,0.0,192.168.1.208,google.com,benign,benign
28,2026-06-26T11:59:33,simulated_behavior,lab-host-01,python.exe,1300,cmd.exe,file_read,read,C:\Users\User\Documents\file_52.txt,0,3.5354817519514055,3.421965687172653,,,benign,benign
29,2026-06-26T11:59:35,simulated_behavior,lab-host-01,Valorant_Tracker.exe,1500,explorer.exe,file_write,write,C:\Users\User\AppData\Local\Temp\log_46.tmp,1388,2.5315663601353515,3.348078148730693,,,benign,benign
30,2026-06-26T11:59:37,simulated_behavior,lab-host-01,idman642build63.exe,1400,explorer.exe,registry_set,set,HKCU\Software\idman642build63\Settings,0,0.0,0.0,,,benign,benign
31,2026-06-26T11:59:39,simulated_behavior,lab-host-01,code.exe,1200,explorer.exe,network_connection,connect,microsoft.com,0,0.0,0.0,192.168.1.37,microsoft.com,benign,benign
32,2026-06-26T11:59:41,simulated_behavior,lab-host-01,code.exe,1200,explorer.exe,file_read,read,C:\Users\User\Documents\file_96.txt,0,4.122736268326301,3.5254832170458705,,,benign,benign
33,2026-06-26T11:59:43,simulated_behavior,lab-host-01,Valorant_Tracker.exe,1500,explorer.exe,file_write,write,C:\Users\User\AppData\Local\Temp\log_28.tmp,3777,3.4588323123641405,3.0049911092840276,,,benign,benign
34,2026-06-26T11:59:45,simulated_behavior,lab-host-01,code.exe,1200,explorer.exe,registry_set,set,HKCU\Software\code\Settings,0,0.0,0.0,,,benign,benign
35,2026-06-26T11:59:47,simulated_behavior,lab-host-01,Valorant_Tracker.exe,1500,explorer.exe,network_connection,connect,api.tracker.gg,0,0.0,0.0,192.168.1.25,api.tracker.gg,benign,benign
36,2026-06-26T11:59:49,simulated_behavior,lab-host-01,chrome.exe,1100,explorer.exe,file_read,read,C:\Users\User\Documents\file_15.txt,0,3.3056826386965223,3.3199640034449005,,,benign,benign
37,2026-06-26T11:59:51,simulated_behavior,lab-host-01,idman642build63.exe,1400,explorer.exe,file_write,write,C:\Users\User\AppData\Local\Temp\log_39.tmp,360,2.96191827918625,3.58972107090282,,,benign,benign
38,2026-06-26T11:59:53,simulated_behavior,lab-host-01,idman642build63.exe,1400,explorer.exe,registry_set,set,HKCU\Software\idman642build63\Settings,0,0.0,0.0,,,benign,benign
39,2026-06-26T11:59:55,simulated_behavior,lab-host-01,Valorant_Tracker.exe,1500,explorer.exe,network_connection,connect,microsoft.com,0,0.0,0.0,192.168.1.250,microsoft.com,benign,benign
40,2026-06-26T11:59:57,simulated_behavior,lab-host-01,Valorant_Tracker.exe,1500,explorer.exe,file_read,read,C:\Users\User\Documents\file_2.txt,0,4.3605668205130375,3.2291034859673733,,,benign,benign
41,2026-06-26T11:59:59,simulated_behavior,lab-host-01,Valorant_Tracker.exe,1500,explorer.exe,file_write,write,C:\Users\User\AppData\Local\Temp\log_49.tmp,1192,3.9214968316436147,2.950438682577613,,,benign,benign
42,2026-06-26T12:00:01,simulated_behavior,lab-host-01,python.exe,1300,cmd.exe,registry_set,set,HKCU\Software\python\Settings,0,0.0,0.0,,,benign,benign
43,2026-06-26T12:00:03,simulated_behavior,lab-host-01,idman642build63.exe,1400,explorer.exe,network_connection,connect,github.com,0,0.0,0.0,192.168.1.118,github.com,benign,benign
44,2026-06-26T12:00:05,simulated_behavior,lab-host-01,chrome.exe,1100,explorer.exe,file_read,read,C:\Users\User\Documents\file_93.txt,0,4.751705880756388,3.5267781015021815,,,benign,benign
45,2026-06-26T12:00:07,simulated_behavior,lab-host-01,Valorant_Tracker.exe,1500,explorer.exe,file_write,write,C:\Users\User\AppData\Local\Temp\log_49.tmp,831,3.2692041865108132,2.3660270569942625,,,benign,benign
46,2026-06-26T12:00:09,simulated_behavior,lab-host-01,python.exe,1300,cmd.exe,registry_set,set,HKCU\Software\python\Settings,0,0.0,0.0,,,benign,benign
47,2026-06-26T12:00:11,simulated_behavior,lab-host-01,Valorant_Tracker.exe,1500,explorer.exe,network_connection,connect,github.com,0,0.0,0.0,192.168.1.41,github.com,benign,benign
48,2026-06-26T12:00:13,simulated_behavior,lab-host-01,python.exe,1300,cmd.exe,file_read,read,C:\Users\User\Documents\file_98.txt,0,3.3230980715063065,4.906999495307005,,,benign,benign
49,2026-06-26T12:00:15,simulated_behavior,lab-host-01,Valorant_Tracker.exe,1500,explorer.exe,file_write,write,C:\Users\User\AppData\Local\Temp\log_1.tmp,2553,2.810390142511683,2.148691855964581,,,benign,benign
50,2026-06-26T12:00:17,simulated_behavior,lab-host-01,python.exe,1300,cmd.exe,registry_set,set,HKCU\Software\python\Settings,0,0.0,0.0,,,benign,benign
51,2026-06-26T12:00:19,simulated_behavior,lab-host-01,python.exe,1300,cmd.exe,network_connection,connect,github.com,0,0.0,0.0,192.168.1.16,github.com,benign,benign
52,2026-06-26T12:00:21,simulated_behavior,lab-host-01,code.exe,1200,explorer.exe,file_read,read,C:\Users\User\Documents\file_73.txt,0,4.893898890595988,3.1713069041357578,,,benign,benign
53,2026-06-26T12:00:23,simulated_behavior,lab-host-01,idman642build63.exe,1400,explorer.exe,file_write,write,C:\Users\User\AppData\Local\Temp\log_5.tmp,3215,3.3317654238237893,2.4144012788011033,,,benign,benign
54,2026-06-26T12:00:25,simulated_behavior,lab-host-01,idman642build63.exe,1400,explorer.exe,registry_set,set,HKCU\Software\idman642build63\Settings,0,0.0,0.0,,,benign,benign
55,2026-06-26T12:00:27,simulated_behavior,lab-host-01,Valorant_Tracker.exe,1500,explorer.exe,network_connection,connect,github.com,0,0.0,0.0,192.168.1.69,github.com,benign,benign
56,2026-06-26T12:00:29,simulated_behavior,lab-host-01,Valorant_Tracker.exe,1500,explorer.exe,file_read,read,C:\Users\User\Documents\file_78.txt,0,3.846275880401774,3.423596410884164,,,benign,benign
57,2026-06-26T12:00:31,simulated_behavior,lab-host-01,Valorant_Tracker.exe,1500,explorer.exe,file_write,write,C:\Users\User\AppData\Local\Temp\log_49.tmp,3089,3.7246690802490536,3.8823724320478044,,,benign,benign
58,2026-06-26T12:00:33,simulated_behavior,lab-host-01,idman642build63.exe,1400,explorer.exe,registry_set,set,HKCU\Software\idman642build63\Settings,0,0.0,0.0,,,benign,benign
59,2026-06-26T12:00:35,simulated_behavior,lab-host-01,python.exe,1300,cmd.exe,network_connection,connect,api.tracker.gg,0,0.0,0.0,192.168.1.232,api.tracker.gg,benign,benign
60,2026-06-26T12:00:37,simulated_behavior,lab-host-01,Valorant_Tracker.exe,1500,explorer.exe,file_read,read,C:\Users\User\Documents\file_58.txt,0,3.2420083917365314,3.4493946740631145,,,benign,benign
61,2026-06-26T12:00:39,simulated_behavior,lab-host-01,python.exe,1300,cmd.exe,file_write,write,C:\Users\User\AppData\Local\Temp\log_2.tmp,2509,3.3848038060611993,3.571100286025877,,,benign,benign
62,2026-06-26T12:00:41,simulated_behavior,lab-host-01,chrome.exe,1100,explorer.exe,registry_set,set,HKCU\Software\chrome\Settings,0,0.0,0.0,,,benign,benign
63,2026-06-26T12:00:43,simulated_behavior,lab-host-01,chrome.exe,1100,explorer.exe,network_connection,connect,google.com,0,0.0,0.0,192.168.1.60,google.com,benign,benign
64,2026-06-26T12:00:45,simulated_behavior,lab-host-01,chrome.exe,1100,explorer.exe,file_read,read,C:\Users\User\Documents\file_5.txt,0,4.719270800507493,3.1417146997773067,,,benign,benign
65,2026-06-26T12:00:47,simulated_behavior,lab-host-01,code.exe,1200,explorer.exe,file_write,write,C:\Users\User\AppData\Local\Temp\log_18.tmp,2840,3.2135362478762266,3.4480848284868864,,,benign,benign
66,2026-06-26T12:00:49,simulated_behavior,lab-host-01,Valorant_Tracker.exe,1500,explorer.exe,registry_set,set,HKCU\Software\Valorant_Tracker\Settings,0,0.0,0.0,,,benign,benign
67,2026-06-26T12:00:51,simulated_behavior,lab-host-01,Valorant_Tracker.exe,1500,explorer.exe,network_connection,connect,api.tracker.gg,0,0.0,0.0,192.168.1.64,api.tracker.gg,benign,benign
68,2026-06-26T12:00:53,simulated_behavior,lab-host-01,idman642build63.exe,1400,explorer.exe,file_read,read,C:\Users\User\Documents\file_53.txt,0,3.380819828723755,3.193861628457647,,,benign,benign
69,2026-06-26T12:00:55,simulated_behavior,lab-host-01,idman642build63.exe,1400,explorer.exe,file_write,write,C:\Users\User\AppData\Local\Temp\log_23.tmp,1834,3.027755690124345,4.259591870924008,,,benign,benign
70,2026-06-26T12:00:57,simulated_behavior,lab-host-01,chrome.exe,1100,explorer.exe,registry_set,set,HKCU\Software\chrome\Settings,0,0.0,0.0,,,benign,benign
71,2026-06-26T12:00:59,simulated_behavior,lab-host-01,chrome.exe,1100,explorer.exe,network_connection,connect,google.com,0,0.0,0.0,192.168.1.105,google.com,benign,benign
72,2026-06-26T12:01:01,simulated_behavior,lab-host-01,python.exe,1300,cmd.exe,file_read,read,C:\Users\User\Documents\file_14.txt,0,3.4973126678405713,3.3804178168816232,,,benign,benign
73,2026-06-26T12:01:03,simulated_behavior,lab-host-01,idman642build63.exe,1400,explorer.exe,file_write,write,C:\Users\User\AppData\Local\Temp\log_9.tmp,1828,2.458720089468083,3.2565701710024184,,,benign,benign
74,2026-06-26T12:01:05,simulated_behavior,lab-host-01,chrome.exe,1100,explorer.exe,registry_set,set,HKCU\Software\chrome\Settings,0,0.0,0.0,,,benign,benign
75,2026-06-26T12:01:07,simulated_behavior,lab-host-01,idman642build63.exe,1400,explorer.exe,network_connection,connect,google.com,0,0.0,0.0,192.168.1.14,google.com,benign,benign
76,2026-06-26T12:01:09,simulated_behavior,lab-host-01,Valorant_Tracker.exe,1500,explorer.exe,file_read,read,C:\Users\User\Documents\file_2.txt,0,4.937992514569503,4.852733966016255,,,benign,benign
77,2026-06-26T12:01:11,simulated_behavior,lab-host-01,code.exe,1200,explorer.exe,file_write,write,C:\Users\User\AppData\Local\Temp\log_11.tmp,1764,3.214102813626796,2.634368247997954,,,benign,benign
78,2026-06-26T12:01:13,simulated_behavior,lab-host-01,idman642build63.exe,1400,explorer.exe,registry_set,set,HKCU\Software\idman642build63\Settings,0,0.0,0.0,,,benign,benign
79,2026-06-26T12:01:15,simulated_behavior,lab-host-01,chrome.exe,1100,explorer.exe,network_connection,connect,github.com,0,0.0,0.0,192.168.1.99,github.com,benign,benign
80,2026-06-26T12:01:17,simulated_behavior,lab-host-01,chrome.exe,1100,explorer.exe,file_read,read,C:\Users\User\Documents\file_50.txt,0,3.530406116344304,4.568141203897139,,,benign,benign
81,2026-06-26T12:01:19,simulated_behavior,lab-host-01,idman642build63.exe,1400,explorer.exe,file_write,write,C:\Users\User\AppData\Local\Temp\log_19.tmp,1832,3.7414787590004064,3.926263293538665,,,benign,benign
82,2026-06-26T12:01:21,simulated_behavior,lab-host-01,Valorant_Tracker.exe,1500,explorer.exe,registry_set,set,HKCU\Software\Valorant_Tracker\Settings,0,0.0,0.0,,,benign,benign
83,2026-06-26T12:01:23,simulated_behavior,lab-host-01,idman642build63.exe,1400,explorer.exe,network_connection,connect,github.com,0,0.0,0.0,192.168.1.50,github.com,benign,benign
84,2026-06-26T12:01:25,simulated_behavior,lab-host-01,python.exe,1300,cmd.exe,file_read,read,C:\Users\User\Documents\file_28.txt,0,4.937418729938318,4.158360581632513,,,benign,benign
85,2026-06-26T12:01:27,simulated_behavior,lab-host-01,Valorant_Tracker.exe,1500,explorer.exe,file_write,write,C:\Users\User\AppData\Local\Temp\log_4.tmp,3163,2.784012024424323,2.225355843159884,,,benign,benign
86,2026-06-26T12:01:29,simulated_behavior,lab-host-01,idman642build63.exe,1400,explorer.exe,registry_set,set,HKCU\Software\idman642build63\Settings,0,0.0,0.0,,,benign,benign
87,2026-06-26T12:01:31,simulated_behavior,lab-host-01,Valorant_Tracker.exe,1500,explorer.exe,network_connection,connect,github.com,0,0.0,0.0,192.168.1.16,github.com,benign,benign
88,2026-06-26T12:01:33,simulated_behavior,lab-host-01,Valorant_Tracker.exe,1500,explorer.exe,file_read,read,C:\Users\User\Documents\file_11.txt,0,4.702685090688243,3.1370426654075847,,,benign,benign
89,2026-06-26T12:01:35,simulated_behavior,lab-host-01,chrome.exe,1100,explorer.exe,file_write,write,C:\Users\User\AppData\Local\Temp\log_44.tmp,3630,2.588009737502328,2.3997165348678107,,,benign,benign
90,2026-06-26T12:01:37,simulated_behavior,lab-host-01,Valorant_Tracker.exe,1500,explorer.exe,registry_set,set,HKCU\Software\Valorant_Tracker\Settings,0,0.0,0.0,,,benign,benign
91,2026-06-26T12:01:39,simulated_behavior,lab-host-01,code.exe,1200,explorer.exe,network_connection,connect,google.com,0,0.0,0.0,192.168.1.160,google.com,benign,benign
92,2026-06-26T12:01:41,simulated_behavior,lab-host-01,chrome.exe,1100,explorer.exe,file_read,read,C:\Users\User\Documents\file_54.txt,0,4.314746328945045,4.1304538476881785,,,benign,benign
93,2026-06-26T12:01:43,simulated_behavior,lab-host-01,python.exe,1300,cmd.exe,file_write,write,C:\Users\User\AppData\Local\Temp\log_17.tmp,936,3.674314936924573,2.88545965698894,,,benign,benign
94,2026-06-26T12:01:45,simulated_behavior,lab-host-01,python.exe,1300,cmd.exe,registry_set,set,HKCU\Software\python\Settings,0,0.0,0.0,,,benign,benign
95,2026-06-26T12:01:47,simulated_behavior,lab-host-01,idman642build63.exe,1400,explorer.exe,network_connection,connect,github.com,0,0.0,0.0,192.168.1.173,github.com,benign,benign
96,2026-06-26T12:01:49,simulated_behavior,lab-host-01,python.exe,1300,cmd.exe,file_read,read,C:\Users\User\Documents\file_59.txt,0,3.632354392543708,4.503728984828804,,,benign,benign
97,2026-06-26T12:01:51,simulated_behavior,lab-host-01,chrome.exe,1100,explorer.exe,file_write,write,C:\Users\User\AppData\Local\Temp\log_1.tmp,1977,3.552898138732732,3.507484114097365,,,benign,benign
98,2026-06-26T12:01:53,simulated_behavior,lab-host-01,chrome.exe,1100,explorer.exe,registry_set,set,HKCU\Software\chrome\Settings,0,0.0,0.0,,,benign,benign
99,2026-06-26T12:01:55,simulated_behavior,lab-host-01,chrome.exe,1100,explorer.exe,network_connection,connect,github.com,0,0.0,0.0,192.168.1.131,github.com,benign,benign
100,2026-06-26T12:01:57,simulated_behavior,lab-host-01,python.exe,1300,cmd.exe,file_read,read,C:\Users\User\Documents\file_17.txt,0,4.866518755987418,4.761728347372879,,,benign,benign
101,2026-06-26T12:01:59,simulated_behavior,lab-host-01,code.exe,1200,explorer.exe,file_write,write,C:\Users\User\AppData\Local\Temp\log_24.tmp,1267,2.3943670808930797,4.184362386599517,,,benign,benign
102,2026-06-26T12:02:01,simulated_behavior,lab-host-01,python.exe,1300,cmd.exe,registry_set,set,HKCU\Software\python\Settings,0,0.0,0.0,,,benign,benign
103,2026-06-26T12:02:03,simulated_behavior,lab-host-01,Valorant_Tracker.exe,1500,explorer.exe,network_connection,connect,google.com,0,0.0,0.0,192.168.1.172,google.com,benign,benign
104,2026-06-26T12:02:05,simulated_behavior,lab-host-01,Valorant_Tracker.exe,1500,explorer.exe,file_read,read,C:\Users\User\Documents\file_39.txt,0,4.863512078872155,3.207173003836423,,,benign,benign
105,2026-06-26T12:02:07,simulated_behavior,lab-host-01,code.exe,1200,explorer.exe,file_write,write,C:\Users\User\AppData\Local\Temp\log_17.tmp,572,4.224281767514273,3.9560417099524967,,,benign,benign
106,2026-06-26T12:02:09,simulated_behavior,lab-host-01,code.exe,1200,explorer.exe,registry_set,set,HKCU\Software\code\Settings,0,0.0,0.0,,,benign,benign
107,2026-06-26T12:02:11,simulated_behavior,lab-host-01,python.exe,1300,cmd.exe,network_connection,connect,microsoft.com,0,0.0,0.0,192.168.1.156,microsoft.com,benign,benign
108,2026-06-26T12:02:13,simulated_behavior,lab-host-01,code.exe,1200,explorer.exe,file_read,read,C:\Users\User\Documents\file_92.txt,0,3.6857605755865173,4.374994257602661,,,benign,benign
109,2026-06-26T12:02:15,simulated_behavior,lab-host-01,python.exe,1300,cmd.exe,file_write,write,C:\Users\User\AppData\Local\Temp\log_33.tmp,2101,2.627803130174735,4.3703976155464295,,,benign,benign
110,2026-06-26T12:02:17,simulated_behavior,lab-host-01,chrome.exe,1100,explorer.exe,registry_set,set,HKCU\Software\chrome\Settings,0,0.0,0.0,,,benign,benign
111,2026-06-26T12:02:19,simulated_behavior,lab-host-01,chrome.exe,1100,explorer.exe,network_connection,connect,api.tracker.gg,0,0.0,0.0,192.168.1.214,api.tracker.gg,benign,benign
112,2026-06-26T12:02:21,simulated_behavior,lab-host-01,python.exe,1300,cmd.exe,file_read,read,C:\Users\User\Documents\file_6.txt,0,3.0070913781755646,4.542238446039255,,,benign,benign
113,2026-06-26T12:02:23,simulated_behavior,lab-host-01,python.exe,1300,cmd.exe,file_write,write,C:\Users\User\AppData\Local\Temp\log_11.tmp,3136,3.1045887796521265,3.8641686168999767,,,benign,benign
114,2026-06-26T12:02:25,simulated_behavior,lab-host-01,Valorant_Tracker.exe,1500,explorer.exe,registry_set,set,HKCU\Software\Valorant_Tracker\Settings,0,0.0,0.0,,,benign,benign
115,2026-06-26T12:02:27,simulated_behavior,lab-host-01,chrome.exe,1100,explorer.exe,network_connection,connect,google.com,0,0.0,0.0,192.168.1.21,google.com,benign,benign
116,2026-06-26T12:02:29,simulated_behavior,lab-host-01,code.exe,1200,explorer.exe,file_read,read,C:\Users\User\Documents\file_70.txt,0,3.0720562761216614,3.7384319690243837,,,benign,benign
117,2026-06-26T12:02:31,simulated_behavior,lab-host-01,Valorant_Tracker.exe,1500,explorer.exe,file_write,write,C:\Users\User\AppData\Local\Temp\log_10.tmp,1860,2.3186137982053467,2.870645874825334,,,benign,benign
118,2026-06-26T12:02:33,simulated_behavior,lab-host-01,chrome.exe,1100,explorer.exe,registry_set,set,HKCU\Software\chrome\Settings,0,0.0,0.0,,,benign,benign
119,2026-06-26T12:02:35,simulated_behavior,lab-host-01,python.exe,1300,cmd.exe,network_connection,connect,github.com,0,0.0,0.0,192.168.1.176,github.com,benign,benign
120,2026-06-26T12:02:37,simulated_behavior,lab-host-01,code.exe,1200,explorer.exe,file_read,read,C:\Users\User\Documents\file_86.txt,0,3.2055872433435715,4.560232483742885,,,benign,benign
121,2026-06-26T12:02:39,simulated_behavior,lab-host-01,idman642build63.exe,1400,explorer.exe,file_write,write,C:\Users\User\AppData\Local\Temp\log_40.tmp,3169,2.3863833458305117,4.424702539234186,,,benign,benign
122,2026-06-26T12:02:41,simulated_behavior,lab-host-01,code.exe,1200,explorer.exe,registry_set,set,HKCU\Software\code\Settings,0,0.0,0.0,,,benign,benign
123,2026-06-26T12:02:43,simulated_behavior,lab-host-01,code.exe,1200,explorer.exe,network_connection,connect,api.tracker.gg,0,0.0,0.0,192.168.1.8,api.tracker.gg,benign,benign
124,2026-06-26T12:02:45,simulated_behavior,lab-host-01,code.exe,1200,explorer.exe,file_read,read,C:\Users\User\Documents\file_95.txt,0,4.848974590483091,4.564772992295263,,,benign,benign
125,2026-06-26T12:02:47,simulated_behavior,lab-host-01,idman642build63.exe,1400,explorer.exe,file_write,write,C:\Users\User\AppData\Local\Temp\log_43.tmp,3639,3.83764384706969,2.7204181027935017,,,benign,benign
126,2026-06-26T12:02:49,simulated_behavior,lab-host-01,code.exe,1200,explorer.exe,registry_set,set,HKCU\Software\code\Settings,0,0.0,0.0,,,benign,benign
127,2026-06-26T12:02:51,simulated_behavior,lab-host-01,chrome.exe,1100,explorer.exe,network_connection,connect,api.tracker.gg,0,0.0,0.0,192.168.1.225,api.tracker.gg,benign,benign
128,2026-06-26T12:02:53,simulated_behavior,lab-host-01,chrome.exe,1100,explorer.exe,file_read,read,C:\Users\User\Documents\file_61.txt,0,3.4448674350913286,4.633173211193858,,,benign,benign
129,2026-06-26T12:02:55,simulated_behavior,lab-host-01,idman642build63.exe,1400,explorer.exe,file_write,write,C:\Users\User\AppData\Local\Temp\log_23.tmp,1350,4.051340952428905,4.27830758965752,,,benign,benign
130,2026-06-26T12:02:57,simulated_behavior,lab-host-01,code.exe,1200,explorer.exe,registry_set,set,HKCU\Software\code\Settings,0,0.0,0.0,,,benign,benign
131,2026-06-26T12:02:59,simulated_behavior,lab-host-01,chrome.exe,1100,explorer.exe,network_connection,connect,github.com,0,0.0,0.0,192.168.1.104,github.com,benign,benign
132,2026-06-26T12:03:01,simulated_behavior,lab-host-01,python.exe,1300,cmd.exe,file_read,read,C:\Users\User\Documents\file_36.txt,0,4.728705884060573,4.933778208096722,,,benign,benign
133,2026-06-26T12:03:03,simulated_behavior,lab-host-01,python.exe,1300,cmd.exe,file_write,write,C:\Users\User\AppData\Local\Temp\log_23.tmp,2727,3.2735141888200934,3.798795295900659,,,benign,benign
134,2026-06-26T12:03:05,simulated_behavior,lab-host-01,Valorant_Tracker.exe,1500,explorer.exe,registry_set,set,HKCU\Software\Valorant_Tracker\Settings,0,0.0,0.0,,,benign,benign
135,2026-06-26T12:03:07,simulated_behavior,lab-host-01,python.exe,1300,cmd.exe,network_connection,connect,google.com,0,0.0,0.0,192.168.1.31,google.com,benign,benign
136,2026-06-26T12:03:09,simulated_behavior,lab-host-01,python.exe,1300,cmd.exe,file_read,read,C:\Users\User\Documents\file_23.txt,0,4.161179467477416,4.967101145766174,,,benign,benign
137,2026-06-26T12:03:11,simulated_behavior,lab-host-01,chrome.exe,1100,explorer.exe,file_write,write,C:\Users\User\AppData\Local\Temp\log_7.tmp,2543,3.086409396411611,3.9213626516317603,,,benign,benign
138,2026-06-26T12:03:13,simulated_behavior,lab-host-01,python.exe,1300,cmd.exe,registry_set,set,HKCU\Software\python\Settings,0,0.0,0.0,,,benign,benign
139,2026-06-26T12:03:15,simulated_behavior,lab-host-01,idman642build63.exe,1400,explorer.exe,network_connection,connect,google.com,0,0.0,0.0,192.168.1.100,google.com,benign,benign
140,2026-06-26T12:03:17,simulated_behavior,lab-host-01,Valorant_Tracker.exe,1500,explorer.exe,file_read,read,C:\Users\User\Documents\file_25.txt,0,3.5094450122771637,4.417570567668341,,,benign,benign
141,2026-06-26T12:03:19,simulated_behavior,lab-host-01,chrome.exe,1100,explorer.exe,file_write,write,C:\Users\User\AppData\Local\Temp\log_34.tmp,3891,4.016277174250259,3.8171428672863166,,,benign,benign
142,2026-06-26T12:03:21,simulated_behavior,lab-host-01,code.exe,1200,explorer.exe,registry_set,set,HKCU\Software\code\Settings,0,0.0,0.0,,,benign,benign
143,2026-06-26T12:03:23,simulated_behavior,lab-host-01,python.exe,1300,cmd.exe,network_connection,connect,api.tracker.gg,0,0.0,0.0,192.168.1.19,api.tracker.gg,benign,benign
144,2026-06-26T12:03:25,simulated_behavior,lab-host-01,python.exe,1300,cmd.exe,file_read,read,C:\Users\User\Documents\file_80.txt,0,3.6278312901167196,4.696030559012671,,,benign,benign
145,2026-06-26T12:03:27,simulated_behavior,lab-host-01,python.exe,1300,cmd.exe,file_write,write,C:\Users\User\AppData\Local\Temp\log_33.tmp,1366,3.667232260264324,2.9154572621434998,,,benign,benign
146,2026-06-26T12:03:29,simulated_behavior,lab-host-01,python.exe,1300,cmd.exe,registry_set,set,HKCU\Software\python\Settings,0,0.0,0.0,,,benign,benign
147,2026-06-26T12:03:31,simulated_behavior,lab-host-01,Valorant_Tracker.exe,1500,explorer.exe,network_connection,connect,github.com,0,0.0,0.0,192.168.1.51,github.com,benign,benign
148,2026-06-26T12:03:33,simulated_behavior,lab-host-01,idman642build63.exe,1400,explorer.exe,file_read,read,C:\Users\User\Documents\file_86.txt,0,4.880727341460366,4.354635890545466,,,benign,benign
149,2026-06-26T12:03:35,simulated_behavior,lab-host-01,code.exe,1200,explorer.exe,file_write,write,C:\Users\User\AppData\Local\Temp\log_40.tmp,2431,2.7523746864139134,3.469843032839245,,,benign,benign
150,2026-06-26T12:03:37,simulated_behavior,lab-host-01,chrome.exe,1100,explorer.exe,registry_set,set,HKCU\Software\chrome\Settings,0,0.0,0.0,,,benign,benign
151,2026-06-26T12:03:39,simulated_behavior,lab-host-01,python.exe,1300,cmd.exe,network_connection,connect,microsoft.com,0,0.0,0.0,192.168.1.55,microsoft.com,benign,benign
152,2026-06-26T12:03:41,simulated_behavior,lab-host-01,idman642build63.exe,1400,explorer.exe,file_read,read,C:\Users\User\Documents\file_75.txt,0,4.213323140959526,3.644498459473076,,,benign,benign
153,2026-06-26T12:03:43,simulated_behavior,lab-host-01,idman642build63.exe,1400,explorer.exe,file_write,write,C:\Users\User\AppData\Local\Temp\log_29.tmp,2867,2.5342535024727506,3.2829654647733157,,,benign,benign
154,2026-06-26T12:03:45,simulated_behavior,lab-host-01,code.exe,1200,explorer.exe,registry_set,set,HKCU\Software\code\Settings,0,0.0,0.0,,,benign,benign
155,2026-06-26T12:03:47,simulated_behavior,lab-host-01,chrome.exe,1100,explorer.exe,network_connection,connect,microsoft.com,0,0.0,0.0,192.168.1.133,microsoft.com,benign,benign
156,2026-06-26T12:03:49,simulated_behavior,lab-host-01,Valorant_Tracker.exe,1500,explorer.exe,file_read,read,C:\Users\User\Documents\file_43.txt,0,3.1867744001511253,4.903999324904951,,,benign,benign
157,2026-06-26T12:03:51,simulated_behavior,lab-host-01,code.exe,1200,explorer.exe,file_write,write,C:\Users\User\AppData\Local\Temp\log_44.tmp,1371,2.561601664993221,2.5978248318164416,,,benign,benign
158,2026-06-26T12:03:53,simulated_behavior,lab-host-01,chrome.exe,1100,explorer.exe,registry_set,set,HKCU\Software\chrome\Settings,0,0.0,0.0,,,benign,benign
159,2026-06-26T12:03:55,simulated_behavior,lab-host-01,chrome.exe,1100,explorer.exe,network_connection,connect,github.com,0,0.0,0.0,192.168.1.253,github.com,benign,benign
160,2026-06-26T12:03:57,simulated_behavior,lab-host-01,idman642build63.exe,1400,explorer.exe,file_read,read,C:\Users\User\Documents\file_79.txt,0,4.699475389249464,3.145656458369138,,,benign,benign
161,2026-06-26T12:03:59,simulated_behavior,lab-host-01,idman642build63.exe,1400,explorer.exe,file_write,write,C:\Users\User\AppData\Local\Temp\log_41.tmp,2457,2.486088091849273,3.840885626226262,,,benign,benign
162,2026-06-26T12:04:01,simulated_behavior,lab-host-01,idman642build63.exe,1400,explorer.exe,registry_set,set,HKCU\Software\idman642build63\Settings,0,0.0,0.0,,,benign,benign
163,2026-06-26T12:04:03,simulated_behavior,lab-host-01,idman642build63.exe,1400,explorer.exe,network_connection,connect,github.com,0,0.0,0.0,192.168.1.39,github.com,benign,benign
164,2026-06-26T12:04:05,simulated_behavior,lab-host-01,chrome.exe,1100,explorer.exe,file_read,read,C:\Users\User\Documents\file_97.txt,0,4.720881130845043,4.770930411019732,,,benign,benign
165,2026-06-26T12:04:07,simulated_behavior,lab-host-01,idman642build63.exe,1400,explorer.exe,file_write,write,C:\Users\User\AppData\Local\Temp\log_15.tmp,820,4.010274640432858,3.8397794410205957,,,benign,benign
166,2026-06-26T12:04:09,simulated_behavior,lab-host-01,idman642build63.exe,1400,explorer.exe,registry_set,set,HKCU\Software\idman642build63\Settings,0,0.0,0.0,,,benign,benign
167,2026-06-26T12:04:11,simulated_behavior,lab-host-01,chrome.exe,1100,explorer.exe,network_connection,connect,github.com,0,0.0,0.0,192.168.1.236,github.com,benign,benign
168,2026-06-26T12:04:13,simulated_behavior,lab-host-01,chrome.exe,1100,explorer.exe,file_read,read,C:\Users\User\Documents\file_59.txt,0,3.2666782111140575,3.9292864749964735,,,benign,benign
169,2026-06-26T12:04:15,simulated_behavior,lab-host-01,Valorant_Tracker.exe,1500,explorer.exe,file_write,write,C:\Users\User\AppData\Local\Temp\log_36.tmp,2538,2.793244893663369,3.9881250338894487,,,benign,benign
170,2026-06-26T12:04:17,simulated_behavior,lab-host-01,idman642build63.exe,1400,explorer.exe,registry_set,set,HKCU\Software\idman642build63\Settings,0,0.0,0.0,,,benign,benign
171,2026-06-26T12:04:19,simulated_behavior,lab-host-01,Valorant_Tracker.exe,1500,explorer.exe,network_connection,connect,api.tracker.gg,0,0.0,0.0,192.168.1.214,api.tracker.gg,benign,benign
172,2026-06-26T12:04:21,simulated_behavior,lab-host-01,Valorant_Tracker.exe,1500,explorer.exe,file_read,read,C:\Users\User\Documents\file_58.txt,0,4.794416206466524,4.48731088431917,,,benign,benign
173,2026-06-26T12:04:23,simulated_behavior,lab-host-01,idman642build63.exe,1400,explorer.exe,file_write,write,C:\Users\User\AppData\Local\Temp\log_29.tmp,1161,3.879441966251279,4.199657219604802,,,benign,benign
174,2026-06-26T12:04:25,simulated_behavior,lab-host-01,python.exe,1300,cmd.exe,registry_set,set,HKCU\Software\python\Settings,0,0.0,0.0,,,benign,benign
175,2026-06-26T12:04:27,simulated_behavior,lab-host-01,Valorant_Tracker.exe,1500,explorer.exe,network_connection,connect,api.tracker.gg,0,0.0,0.0,192.168.1.162,api.tracker.gg,benign,benign
176,2026-06-26T12:04:29,simulated_behavior,lab-host-01,code.exe,1200,explorer.exe,file_read,read,C:\Users\User\Documents\file_36.txt,0,3.8797451865298056,4.427089725222113,,,benign,benign
177,2026-06-26T12:04:31,simulated_behavior,lab-host-01,code.exe,1200,explorer.exe,file_write,write,C:\Users\User\AppData\Local\Temp\log_18.tmp,1475,2.7992739210469058,3.4503805562961407,,,benign,benign
178,2026-06-26T12:04:33,simulated_behavior,lab-host-01,code.exe,1200,explorer.exe,registry_set,set,HKCU\Software\code\Settings,0,0.0,0.0,,,benign,benign
179,2026-06-26T12:04:35,simulated_behavior,lab-host-01,code.exe,1200,explorer.exe,network_connection,connect,github.com,0,0.0,0.0,192.168.1.100,github.com,benign,benign
180,2026-06-26T12:04:37,simulated_behavior,lab-host-01,code.exe,1200,explorer.exe,file_read,read,C:\Users\User\Documents\file_91.txt,0,3.4279057542119746,3.8297357917964363,,,benign,benign
181,2026-06-26T12:04:39,simulated_behavior,lab-host-01,python.exe,1300,cmd.exe,file_write,write,C:\Users\User\AppData\Local\Temp\log_35.tmp,2008,3.03943558525789,2.6170859737860255,,,benign,benign
182,2026-06-26T12:04:41,simulated_behavior,lab-host-01,idman642build63.exe,1400,explorer.exe,registry_set,set,HKCU\Software\idman642build63\Settings,0,0.0,0.0,,,benign,benign
183,2026-06-26T12:04:43,simulated_behavior,lab-host-01,idman642build63.exe,1400,explorer.exe,network_connection,connect,google.com,0,0.0,0.0,192.168.1.221,google.com,benign,benign
184,2026-06-26T12:04:45,simulated_behavior,lab-host-01,Valorant_Tracker.exe,1500,explorer.exe,file_read,read,C:\Users\User\Documents\file_49.txt,0,3.953959465114714,4.8854833148681935,,,benign,benign
185,2026-06-26T12:04:47,simulated_behavior,lab-host-01,python.exe,1300,cmd.exe,file_write,write,C:\Users\User\AppData\Local\Temp\log_49.tmp,1697,4.133619876422761,4.483575846175265,,,benign,benign
186,2026-06-26T12:04:49,simulated_behavior,lab-host-01,idman642build63.exe,1400,explorer.exe,registry_set,set,HKCU\Software\idman642build63\Settings,0,0.0,0.0,,,benign,benign
187,2026-06-26T12:04:51,simulated_behavior,lab-host-01,Valorant_Tracker.exe,1500,explorer.exe,network_connection,connect,github.com,0,0.0,0.0,192.168.1.126,github.com,benign,benign
188,2026-06-26T12:04:53,simulated_behavior,lab-host-01,code.exe,1200,explorer.exe,file_read,read,C:\Users\User\Documents\file_35.txt,0,3.871671952093273,3.0580496398934303,,,benign,benign
189,2026-06-26T12:04:55,simulated_behavior,lab-host-01,python.exe,1300,cmd.exe,file_write,write,C:\Users\User\AppData\Local\Temp\log_43.tmp,2881,3.995355811050472,3.9104534440682217,,,benign,benign
190,2026-06-26T12:04:57,simulated_behavior,lab-host-01,idman642build63.exe,1400,explorer.exe,registry_set,set,HKCU\Software\idman642build63\Settings,0,0.0,0.0,,,benign,benign
191,2026-06-26T12:04:59,simulated_behavior,lab-host-01,code.exe,1200,explorer.exe,network_connection,connect,google.com,0,0.0,0.0,192.168.1.234,google.com,benign,benign
192,2026-06-26T12:05:01,simulated_behavior,lab-host-01,idman642build63.exe,1400,explorer.exe,file_read,read,C:\Users\User\Documents\file_76.txt,0,4.128783966049548,3.054204092680625,,,benign,benign
193,2026-06-26T12:05:03,simulated_behavior,lab-host-01,idman642build63.exe,1400,explorer.exe,file_write,write,C:\Users\User\AppData\Local\Temp\log_9.tmp,3650,3.1542461101287795,2.225711583721569,,,benign,benign
194,2026-06-26T12:05:05,simulated_behavior,lab-host-01,idman642build63.exe,1400,explorer.exe,registry_set,set,HKCU\Software\idman642build63\Settings,0,0.0,0.0,,,benign,benign
195,2026-06-26T12:05:07,simulated_behavior,lab-host-01,python.exe,1300,cmd.exe,network_connection,connect,github.com,0,0.0,0.0,192.168.1.118,github.com,benign,benign
196,2026-06-26T12:05:09,simulated_behavior,lab-host-01,python.exe,1300,cmd.exe,file_read,read,C:\Users\User\Documents\file_44.txt,0,4.522459415788054,3.7582524311282723,,,benign,benign
197,2026-06-26T12:05:11,simulated_behavior,lab-host-01,idman642build63.exe,1400,explorer.exe,file_write,write,C:\Users\User\AppData\Local\Temp\log_17.tmp,3519,2.2047655819041063,2.1484582176250266,,,benign,benign
198,2026-06-26T12:05:13,simulated_behavior,lab-host-01,Valorant_Tracker.exe,1500,explorer.exe,registry_set,set,HKCU\Software\Valorant_Tracker\Settings,0,0.0,0.0,,,benign,benign
199,2026-06-26T12:05:15,simulated_behavior,lab-host-01,chrome.exe,1100,explorer.exe,network_connection,connect,microsoft.com,0,0.0,0.0,192.168.1.59,microsoft.com,benign,benign
200,2026-06-26T12:05:17,simulated_behavior,lab-host-01,chrome.exe,1100,explorer.exe,file_read,read,C:\Users\User\Documents\file_100.txt,0,4.914571205552736,3.080516275081533,,,benign,benign
201,2026-06-26T12:05:19,simulated_behavior,lab-host-01,chrome.exe,1100,explorer.exe,file_write,write,C:\Users\User\AppData\Local\Temp\log_16.tmp,916,4.098072115711496,3.6533391414653944,,,benign,benign
202,2026-06-26T12:05:21,simulated_behavior,lab-host-01,code.exe,1200,explorer.exe,registry_set,set,HKCU\Software\code\Settings,0,0.0,0.0,,,benign,benign
203,2026-06-26T12:05:23,simulated_behavior,lab-host-01,code.exe,1200,explorer.exe,network_connection,connect,api.tracker.gg,0,0.0,0.0,192.168.1.173,api.tracker.gg,benign,benign
204,2026-06-26T12:05:25,simulated_behavior,lab-host-01,chrome.exe,1100,explorer.exe,file_read,read,C:\Users\User\Documents\file_73.txt,0,4.895514044433304,3.9300679668704417,,,benign,benign
205,2026-06-26T12:05:27,simulated_behavior,lab-host-01,python.exe,1300,cmd.exe,file_write,write,C:\Users\User\AppData\Local\Temp\log_50.tmp,1610,2.4194728584195055,3.618118734727329,,,benign,benign
206,2026-06-26T12:05:29,simulated_behavior,lab-host-01,chrome.exe,1100,explorer.exe,registry_set,set,HKCU\Software\chrome\Settings,0,0.0,0.0,,,benign,benign
207,2026-06-26T12:05:31,simulated_behavior,lab-host-01,code.exe,1200,explorer.exe,network_connection,connect,microsoft.com,0,0.0,0.0,192.168.1.29,microsoft.com,benign,benign
208,2026-06-26T12:05:33,simulated_behavior,lab-host-01,Valorant_Tracker.exe,1500,explorer.exe,file_read,read,C:\Users\User\Documents\file_4.txt,0,4.857774336814243,4.151593456824829,,,benign,benign
209,2026-06-26T12:05:35,simulated_behavior,lab-host-01,idman642build63.exe,1400,explorer.exe,file_write,write,C:\Users\User\AppData\Local\Temp\log_26.tmp,3956,3.787536762623671,2.28999119460765,,,benign,benign
210,2026-06-26T12:05:37,simulated_behavior,lab-host-01,code.exe,1200,explorer.exe,registry_set,set,HKCU\Software\code\Settings,0,0.0,0.0,,,benign,benign
211,2026-06-26T12:05:39,simulated_behavior,lab-host-01,chrome.exe,1100,explorer.exe,network_connection,connect,microsoft.com,0,0.0,0.0,192.168.1.219,microsoft.com,benign,benign
212,2026-06-26T12:05:41,simulated_behavior,lab-host-01,Valorant_Tracker.exe,1500,explorer.exe,file_read,read,C:\Users\User\Documents\file_16.txt,0,4.592454433200424,4.131865110734632,,,benign,benign
213,2026-06-26T12:05:43,simulated_behavior,lab-host-01,chrome.exe,1100,explorer.exe,file_write,write,C:\Users\User\AppData\Local\Temp\log_23.tmp,2282,3.0709450330868613,3.0264271905451405,,,benign,benign
214,2026-06-26T12:05:45,simulated_behavior,lab-host-01,Valorant_Tracker.exe,1500,explorer.exe,registry_set,set,HKCU\Software\Valorant_Tracker\Settings,0,0.0,0.0,,,benign,benign
215,2026-06-26T12:05:47,simulated_behavior,lab-host-01,python.exe,1300,cmd.exe,network_connection,connect,google.com,0,0.0,0.0,192.168.1.219,google.com,benign,benign
216,2026-06-26T12:05:49,simulated_behavior,lab-host-01,idman642build63.exe,1400,explorer.exe,file_read,read,C:\Users\User\Documents\file_63.txt,0,3.211077741287997,4.921575134429157,,,benign,benign
217,2026-06-26T12:05:51,simulated_behavior,lab-host-01,idman642build63.exe,1400,explorer.exe,file_write,write,C:\Users\User\AppData\Local\Temp\log_46.tmp,726,3.088717862519193,3.934488260033479,,,benign,benign
218,2026-06-26T12:05:53,simulated_behavior,lab-host-01,python.exe,1300,cmd.exe,registry_set,set,HKCU\Software\python\Settings,0,0.0,0.0,,,benign,benign
219,2026-06-26T12:05:55,simulated_behavior,lab-host-01,Valorant_Tracker.exe,1500,explorer.exe,network_connection,connect,api.tracker.gg,0,0.0,0.0,192.168.1.121,api.tracker.gg,benign,benign
220,2026-06-26T12:05:57,simulated_behavior,lab-host-01,idman642build63.exe,1400,explorer.exe,file_read,read,C:\Users\User\Documents\file_94.txt,0,4.184949238127404,3.6446091659622364,,,benign,benign
221,2026-06-26T12:05:59,simulated_behavior,lab-host-01,code.exe,1200,explorer.exe,file_write,write,C:\Users\User\AppData\Local\Temp\log_6.tmp,1242,4.20407796000693,2.70965859797739,,,benign,benign
222,2026-06-26T12:06:01,simulated_behavior,lab-host-01,idman642build63.exe,1400,explorer.exe,registry_set,set,HKCU\Software\idman642build63\Settings,0,0.0,0.0,,,benign,benign
223,2026-06-26T12:06:03,simulated_behavior,lab-host-01,Valorant_Tracker.exe,1500,explorer.exe,network_connection,connect,api.tracker.gg,0,0.0,0.0,192.168.1.88,api.tracker.gg,benign,benign
224,2026-06-26T12:06:05,simulated_behavior,lab-host-01,chrome.exe,1100,explorer.exe,file_read,read,C:\Users\User\Documents\file_64.txt,0,4.701905672624918,3.3636797143153836,,,benign,benign
225,2026-06-26T12:06:07,simulated_behavior,lab-host-01,code.exe,1200,explorer.exe,file_write,write,C:\Users\User\AppData\Local\Temp\log_23.tmp,3367,2.6458810221466953,2.7991462200939647,,,benign,benign
226,2026-06-26T12:06:09,simulated_behavior,lab-host-01,Valorant_Tracker.exe,1500,explorer.exe,registry_set,set,HKCU\Software\Valorant_Tracker\Settings,0,0.0,0.0,,,benign,benign
227,2026-06-26T12:06:11,simulated_behavior,lab-host-01,python.exe,1300,cmd.exe,network_connection,connect,google.com,0,0.0,0.0,192.168.1.134,google.com,benign,benign
228,2026-06-26T12:06:13,simulated_behavior,lab-host-01,code.exe,1200,explorer.exe,file_read,read,C:\Users\User\Documents\file_11.txt,0,3.48271210074536,3.8128562493410385,,,benign,benign
229,2026-06-26T12:06:15,simulated_behavior,lab-host-01,Valorant_Tracker.exe,1500,explorer.exe,file_write,write,C:\Users\User\AppData\Local\Temp\log_49.tmp,1084,3.7265233486163076,3.71475724935238,,,benign,benign
230,2026-06-26T12:06:17,simulated_behavior,lab-host-01,idman642build63.exe,1400,explorer.exe,registry_set,set,HKCU\Software\idman642build63\Settings,0,0.0,0.0,,,benign,benign
231,2026-06-26T12:06:19,simulated_behavior,lab-host-01,idman642build63.exe,1400,explorer.exe,network_connection,connect,google.com,0,0.0,0.0,192.168.1.25,google.com,benign,benign
232,2026-06-26T12:06:21,simulated_behavior,lab-host-01,python.exe,1300,cmd.exe,file_read,read,C:\Users\User\Documents\file_29.txt,0,3.808802257355856,3.4866103277535143,,,benign,benign
233,2026-06-26T12:06:23,simulated_behavior,lab-host-01,Valorant_Tracker.exe,1500,explorer.exe,file_write,write,C:\Users\User\AppData\Local\Temp\log_24.tmp,2038,3.3836823875256243,2.9593934853655064,,,benign,benign
234,2026-06-26T12:06:25,simulated_behavior,lab-host-01,Valorant_Tracker.exe,1500,explorer.exe,registry_set,set,HKCU\Software\Valorant_Tracker\Settings,0,0.0,0.0,,,benign,benign
235,2026-06-26T12:06:27,simulated_behavior,lab-host-01,python.exe,1300,cmd.exe,network_connection,connect,microsoft.com,0,0.0,0.0,192.168.1.181,microsoft.com,benign,benign
236,2026-06-26T12:06:29,simulated_behavior,lab-host-01,idman642build63.exe,1400,explorer.exe,file_read,read,C:\Users\User\Documents\file_35.txt,0,3.613245982697661,3.4610760825970157,,,benign,benign
237,2026-06-26T12:06:31,simulated_behavior,lab-host-01,code.exe,1200,explorer.exe,file_write,write,C:\Users\User\AppData\Local\Temp\log_21.tmp,589,3.85720265909776,4.477193900983586,,,benign,benign
238,2026-06-26T12:06:33,simulated_behavior,lab-host-01,code.exe,1200,explorer.exe,registry_set,set,HKCU\Software\code\Settings,0,0.0,0.0,,,benign,benign
239,2026-06-26T12:06:35,simulated_behavior,lab-host-01,code.exe,1200,explorer.exe,network_connection,connect,github.com,0,0.0,0.0,192.168.1.191,github.com,benign,benign
240,2026-06-26T12:06:37,simulated_behavior,lab-host-01,idman642build63.exe,1400,explorer.exe,file_read,read,C:\Users\User\Documents\file_36.txt,0,4.449170002186103,4.953214045766114,,,benign,benign
241,2026-06-26T12:06:39,simulated_behavior,lab-host-01,Valorant_Tracker.exe,1500,explorer.exe,file_write,write,C:\Users\User\AppData\Local\Temp\log_39.tmp,1259,4.451276576156283,4.181570908317669,,,benign,benign
242,2026-06-26T12:06:41,simulated_behavior,lab-host-01,python.exe,1300,cmd.exe,registry_set,set,HKCU\Software\python\Settings,0,0.0,0.0,,,benign,benign
243,2026-06-26T12:06:43,simulated_behavior,lab-host-01,code.exe,1200,explorer.exe,network_connection,connect,microsoft.com,0,0.0,0.0,192.168.1.47,microsoft.com,benign,benign
244,2026-06-26T12:06:45,simulated_behavior,lab-host-01,python.exe,1300,cmd.exe,file_read,read,C:\Users\User\Documents\file_2.txt,0,4.416036971422063,3.253165919695963,,,benign,benign
245,2026-06-26T12:06:47,simulated_behavior,lab-host-01,chrome.exe,1100,explorer.exe,file_write,write,C:\Users\User\AppData\Local\Temp\log_4.tmp,2366,2.730341611381944,4.460224036989351,,,benign,benign
246,2026-06-26T12:06:49,simulated_behavior,lab-host-01,idman642build63.exe,1400,explorer.exe,registry_set,set,HKCU\Software\idman642build63\Settings,0,0.0,0.0,,,benign,benign
247,2026-06-26T12:06:51,simulated_behavior,lab-host-01,chrome.exe,1100,explorer.exe,network_connection,connect,google.com,0,0.0,0.0,192.168.1.148,google.com,benign,benign
248,2026-06-26T12:06:53,simulated_behavior,lab-host-01,python.exe,1300,cmd.exe,file_read,read,C:\Users\User\Documents\file_61.txt,0,3.957428417212796,3.6814118651205847,,,benign,benign
249,2026-06-26T12:06:55,simulated_behavior,lab-host-01,chrome.exe,1100,explorer.exe,file_write,write,C:\Users\User\AppData\Local\Temp\log_17.tmp,3954,4.154307411568783,2.3852178518123113,,,benign,benign
250,2026-06-26T12:06:57,simulated_behavior,lab-host-01,chrome.exe,1100,explorer.exe,registry_set,set,HKCU\Software\chrome\Settings,0,0.0,0.0,,,benign,benign
251,2026-06-26T12:06:59,simulated_behavior,lab-host-01,idman642build63.exe,1400,explorer.exe,network_connection,connect,api.tracker.gg,0,0.0,0.0,192.168.1.20,api.tracker.gg,benign,benign
252,2026-06-26T12:07:01,simulated_behavior,lab-host-01,Valorant_Tracker.exe,1500,explorer.exe,file_read,read,C:\Users\User\Documents\file_81.txt,0,4.372902036512033,3.303454013901913,,,benign,benign
253,2026-06-26T12:07:03,simulated_behavior,lab-host-01,Valorant_Tracker.exe,1500,explorer.exe,file_write,write,C:\Users\User\AppData\Local\Temp\log_20.tmp,448,4.484795306775551,2.396128905528654,,,benign,benign
254,2026-06-26T12:07:05,simulated_behavior,lab-host-01,idman642build63.exe,1400,explorer.exe,registry_set,set,HKCU\Software\idman642build63\Settings,0,0.0,0.0,,,benign,benign
255,2026-06-26T12:07:07,simulated_behavior,lab-host-01,Valorant_Tracker.exe,1500,explorer.exe,network_connection,connect,github.com,0,0.0,0.0,192.168.1.200,github.com,benign,benign
256,2026-06-26T12:07:09,simulated_behavior,lab-host-01,Valorant_Tracker.exe,1500,explorer.exe,file_read,read,C:\Users\User\Documents\file_49.txt,0,3.9010289297775085,3.8854420080386567,,,benign,benign
257,2026-06-26T12:07:11,simulated_behavior,lab-host-01,Valorant_Tracker.exe,1500,explorer.exe,file_write,write,C:\Users\User\AppData\Local\Temp\log_28.tmp,1350,3.421573676560583,2.250575760931352,,,benign,benign
258,2026-06-26T12:07:13,simulated_behavior,lab-host-01,chrome.exe,1100,explorer.exe,registry_set,set,HKCU\Software\chrome\Settings,0,0.0,0.0,,,benign,benign
259,2026-06-26T12:07:15,simulated_behavior,lab-host-01,code.exe,1200,explorer.exe,network_connection,connect,github.com,0,0.0,0.0,192.168.1.69,github.com,benign,benign
260,2026-06-26T12:07:17,simulated_behavior,lab-host-01,chrome.exe,1100,explorer.exe,file_read,read,C:\Users\User\Documents\file_21.txt,0,3.4797303553493846,4.1039844911555186,,,benign,benign
261,2026-06-26T12:07:19,simulated_behavior,lab-host-01,code.exe,1200,explorer.exe,file_write,write,C:\Users\User\AppData\Local\Temp\log_1.tmp,1773,3.1262592615442557,3.584527987798908,,,benign,benign
262,2026-06-26T12:07:21,simulated_behavior,lab-host-01,python.exe,1300,cmd.exe,registry_set,set,HKCU\Software\python\Settings,0,0.0,0.0,,,benign,benign
263,2026-06-26T12:07:23,simulated_behavior,lab-host-01,chrome.exe,1100,explorer.exe,network_connection,connect,github.com,0,0.0,0.0,192.168.1.75,github.com,benign,benign
264,2026-06-26T12:07:25,simulated_behavior,lab-host-01,python.exe,1300,cmd.exe,file_read,read,C:\Users\User\Documents\file_90.txt,0,4.719213462681045,3.1423595203069583,,,benign,benign
265,2026-06-26T12:07:27,simulated_behavior,lab-host-01,code.exe,1200,explorer.exe,file_write,write,C:\Users\User\AppData\Local\Temp\log_17.tmp,3326,3.9781193626124036,3.574473973013144,,,benign,benign
266,2026-06-26T12:07:29,simulated_behavior,lab-host-01,code.exe,1200,explorer.exe,registry_set,set,HKCU\Software\code\Settings,0,0.0,0.0,,,benign,benign
267,2026-06-26T12:07:31,simulated_behavior,lab-host-01,idman642build63.exe,1400,explorer.exe,network_connection,connect,google.com,0,0.0,0.0,192.168.1.141,google.com,benign,benign
268,2026-06-26T12:07:33,simulated_behavior,lab-host-01,code.exe,1200,explorer.exe,file_read,read,C:\Users\User\Documents\file_83.txt,0,3.2979788021506584,3.5312649432812804,,,benign,benign
269,2026-06-26T12:07:35,simulated_behavior,lab-host-01,code.exe,1200,explorer.exe,file_write,write,C:\Users\User\AppData\Local\Temp\log_5.tmp,344,2.4148069730518116,2.869029531535581,,,benign,benign
270,2026-06-26T12:07:37,simulated_behavior,lab-host-01,Valorant_Tracker.exe,1500,explorer.exe,registry_set,set,HKCU\Software\Valorant_Tracker\Settings,0,0.0,0.0,,,benign,benign
271,2026-06-26T12:07:39,simulated_behavior,lab-host-01,python.exe,1300,cmd.exe,network_connection,connect,api.tracker.gg,0,0.0,0.0,192.168.1.33,api.tracker.gg,benign,benign
272,2026-06-26T12:07:41,simulated_behavior,lab-host-01,idman642build63.exe,1400,explorer.exe,file_read,read,C:\Users\User\Documents\file_89.txt,0,3.6081823810895335,3.8050170383256114,,,benign,benign
273,2026-06-26T12:07:43,simulated_behavior,lab-host-01,python.exe,1300,cmd.exe,file_write,write,C:\Users\User\AppData\Local\Temp\log_33.tmp,2311,3.234488048362711,2.3011046297482527,,,benign,benign
274,2026-06-26T12:07:45,simulated_behavior,lab-host-01,chrome.exe,1100,explorer.exe,registry_set,set,HKCU\Software\chrome\Settings,0,0.0,0.0,,,benign,benign
275,2026-06-26T12:07:47,simulated_behavior,lab-host-01,idman642build63.exe,1400,explorer.exe,network_connection,connect,microsoft.com,0,0.0,0.0,192.168.1.156,microsoft.com,benign,benign
276,2026-06-26T12:07:49,simulated_behavior,lab-host-01,python.exe,1300,cmd.exe,file_read,read,C:\Users\User\Documents\file_4.txt,0,3.18265377326197,4.923822204385673,,,benign,benign
277,2026-06-26T12:07:51,simulated_behavior,lab-host-01,Valorant_Tracker.exe,1500,explorer.exe,file_write,write,C:\Users\User\AppData\Local\Temp\log_38.tmp,3994,2.0518636405388344,4.011900950079441,,,benign,benign
278,2026-06-26T12:07:53,simulated_behavior,lab-host-01,python.exe,1300,cmd.exe,registry_set,set,HKCU\Software\python\Settings,0,0.0,0.0,,,benign,benign
279,2026-06-26T12:07:55,simulated_behavior,lab-host-01,Valorant_Tracker.exe,1500,explorer.exe,network_connection,connect,google.com,0,0.0,0.0,192.168.1.197,google.com,benign,benign
280,2026-06-26T12:07:57,simulated_behavior,lab-host-01,code.exe,1200,explorer.exe,file_read,read,C:\Users\User\Documents\file_61.txt,0,4.037927681975208,3.8844588088404057,,,benign,benign
281,2026-06-26T12:07:59,simulated_behavior,lab-host-01,python.exe,1300,cmd.exe,file_write,write,C:\Users\User\AppData\Local\Temp\log_12.tmp,2497,3.0897124676925074,4.135612361351509,,,benign,benign
282,2026-06-26T12:08:01,simulated_behavior,lab-host-01,chrome.exe,1100,explorer.exe,registry_set,set,HKCU\Software\chrome\Settings,0,0.0,0.0,,,benign,benign
283,2026-06-26T12:08:03,simulated_behavior,lab-host-01,idman642build63.exe,1400,explorer.exe,network_connection,connect,microsoft.com,0,0.0,0.0,192.168.1.106,microsoft.com,benign,benign
284,2026-06-26T12:08:05,simulated_behavior,lab-host-01,python.exe,1300,cmd.exe,file_read,read,C:\Users\User\Documents\file_42.txt,0,4.340267019042371,4.715466188800705,,,benign,benign
285,2026-06-26T12:08:07,simulated_behavior,lab-host-01,python.exe,1300,cmd.exe,file_write,write,C:\Users\User\AppData\Local\Temp\log_27.tmp,2941,3.2386725524108444,3.7564588424785716,,,benign,benign
286,2026-06-26T12:08:09,simulated_behavior,lab-host-01,idman642build63.exe,1400,explorer.exe,registry_set,set,HKCU\Software\idman642build63\Settings,0,0.0,0.0,,,benign,benign
287,2026-06-26T12:08:11,simulated_behavior,lab-host-01,Valorant_Tracker.exe,1500,explorer.exe,network_connection,connect,google.com,0,0.0,0.0,192.168.1.118,google.com,benign,benign
288,2026-06-26T12:08:13,simulated_behavior,lab-host-01,chrome.exe,1100,explorer.exe,file_read,read,C:\Users\User\Documents\file_41.txt,0,3.5047977018844154,3.2318432028619157,,,benign,benign
289,2026-06-26T12:08:15,simulated_behavior,lab-host-01,idman642build63.exe,1400,explorer.exe,file_write,write,C:\Users\User\AppData\Local\Temp\log_33.tmp,3478,4.470298036954386,3.7441509662078225,,,benign,benign
290,2026-06-26T12:08:17,simulated_behavior,lab-host-01,Valorant_Tracker.exe,1500,explorer.exe,registry_set,set,HKCU\Software\Valorant_Tracker\Settings,0,0.0,0.0,,,benign,benign
291,2026-06-26T12:08:19,simulated_behavior,lab-host-01,idman642build63.exe,1400,explorer.exe,network_connection,connect,api.tracker.gg,0,0.0,0.0,192.168.1.15,api.tracker.gg,benign,benign
292,2026-06-26T12:08:21,simulated_behavior,lab-host-01,code.exe,1200,explorer.exe,file_read,read,C:\Users\User\Documents\file_67.txt,0,3.7235587183033507,4.512886308111147,,,benign,benign
293,2026-06-26T12:08:23,simulated_behavior,lab-host-01,idman642build63.exe,1400,explorer.exe,file_write,write,C:\Users\User\AppData\Local\Temp\log_49.tmp,311,2.5088955958756847,3.473049097713329,,,benign,benign
294,2026-06-26T12:08:25,simulated_behavior,lab-host-01,python.exe,1300,cmd.exe,registry_set,set,HKCU\Software\python\Settings,0,0.0,0.0,,,benign,benign
295,2026-06-26T12:08:27,simulated_behavior,lab-host-01,idman642build63.exe,1400,explorer.exe,network_connection,connect,api.tracker.gg,0,0.0,0.0,192.168.1.33,api.tracker.gg,benign,benign
296,2026-06-26T12:08:29,simulated_behavior,lab-host-01,chrome.exe,1100,explorer.exe,file_read,read,C:\Users\User\Documents\file_81.txt,0,4.21774333416393,3.478594924655301,,,benign,benign
297,2026-06-26T12:08:31,simulated_behavior,lab-host-01,code.exe,1200,explorer.exe,file_write,write,C:\Users\User\AppData\Local\Temp\log_20.tmp,2356,2.0341861611651515,3.1199767182247564,,,benign,benign
298,2026-06-26T12:08:33,simulated_behavior,lab-host-01,code.exe,1200,explorer.exe,registry_set,set,HKCU\Software\code\Settings,0,0.0,0.0,,,benign,benign
299,2026-06-26T12:08:35,simulated_behavior,lab-host-01,chrome.exe,1100,explorer.exe,network_connection,connect,api.tracker.gg,0,0.0,0.0,192.168.1.244,api.tracker.gg,benign,benign
300,2026-06-26T12:08:37,simulated_behavior,lab-host-01,chrome.exe,1100,explorer.exe,file_read,read,C:\Users\User\Documents\file_83.txt,0,4.664286347537803,3.9967510094143908,,,benign,benign
301,2026-06-26T12:08:39,simulated_behavior,lab-host-01,python.exe,1300,cmd.exe,file_write,write,C:\Users\User\AppData\Local\Temp\log_33.tmp,2989,2.6835622417831857,4.186809863941736,,,benign,benign
302,2026-06-26T12:08:41,simulated_behavior,lab-host-01,idman642build63.exe,1400,explorer.exe,registry_set,set,HKCU\Software\idman642build63\Settings,0,0.0,0.0,,,benign,benign
303,2026-06-26T12:08:43,simulated_behavior,lab-host-01,code.exe,1200,explorer.exe,network_connection,connect,api.tracker.gg,0,0.0,0.0,192.168.1.143,api.tracker.gg,benign,benign
304,2026-06-26T12:08:45,simulated_behavior,lab-host-01,code.exe,1200,explorer.exe,file_read,read,C:\Users\User\Documents\file_50.txt,0,3.3812207418958566,4.1987551973498,,,benign,benign
305,2026-06-26T12:08:47,simulated_behavior,lab-host-01,code.exe,1200,explorer.exe,file_write,write,C:\Users\User\AppData\Local\Temp\log_5.tmp,1231,3.9316878316925123,4.236030949930519,,,benign,benign
306,2026-06-26T12:08:49,simulated_behavior,lab-host-01,python.exe,1300,cmd.exe,registry_set,set,HKCU\Software\python\Settings,0,0.0,0.0,,,benign,benign
307,2026-06-26T12:08:51,simulated_behavior,lab-host-01,Valorant_Tracker.exe,1500,explorer.exe,network_connection,connect,microsoft.com,0,0.0,0.0,192.168.1.212,microsoft.com,benign,benign
308,2026-06-26T12:08:53,simulated_behavior,lab-host-01,chrome.exe,1100,explorer.exe,file_read,read,C:\Users\User\Documents\file_37.txt,0,4.452101965227065,4.674951845212843,,,benign,benign
309,2026-06-26T12:08:55,simulated_behavior,lab-host-01,Valorant_Tracker.exe,1500,explorer.exe,file_write,write,C:\Users\User\AppData\Local\Temp\log_43.tmp,2105,4.163151486750607,3.216368482607986,,,benign,benign
310,2026-06-26T12:08:57,simulated_behavior,lab-host-01,idman642build63.exe,1400,explorer.exe,registry_set,set,HKCU\Software\idman642build63\Settings,0,0.0,0.0,,,benign,benign
311,2026-06-26T12:08:59,simulated_behavior,lab-host-01,python.exe,1300,cmd.exe,network_connection,connect,microsoft.com,0,0.0,0.0,192.168.1.143,microsoft.com,benign,benign
312,2026-06-26T12:09:01,simulated_behavior,lab-host-01,Valorant_Tracker.exe,1500,explorer.exe,file_read,read,C:\Users\User\Documents\file_49.txt,0,3.9106892337330024,3.6435547004580746,,,benign,benign
313,2026-06-26T12:09:03,simulated_behavior,lab-host-01,code.exe,1200,explorer.exe,file_write,write,C:\Users\User\AppData\Local\Temp\log_45.tmp,1078,3.4294941049622527,2.6839061151447328,,,benign,benign
314,2026-06-26T12:09:05,simulated_behavior,lab-host-01,idman642build63.exe,1400,explorer.exe,registry_set,set,HKCU\Software\idman642build63\Settings,0,0.0,0.0,,,benign,benign
315,2026-06-26T12:09:07,simulated_behavior,lab-host-01,chrome.exe,1100,explorer.exe,network_connection,connect,microsoft.com,0,0.0,0.0,192.168.1.192,microsoft.com,benign,benign
316,2026-06-26T12:09:09,simulated_behavior,lab-host-01,idman642build63.exe,1400,explorer.exe,file_read,read,C:\Users\User\Documents\file_91.txt,0,4.826860335639251,3.7624622938942722,,,benign,benign
317,2026-06-26T12:09:11,simulated_behavior,lab-host-01,code.exe,1200,explorer.exe,file_write,write,C:\Users\User\AppData\Local\Temp\log_32.tmp,251,2.315615674523472,4.513383975442133,,,benign,benign
318,2026-06-26T12:09:13,simulated_behavior,lab-host-01,python.exe,1300,cmd.exe,registry_set,set,HKCU\Software\python\Settings,0,0.0,0.0,,,benign,benign
319,2026-06-26T12:09:15,simulated_behavior,lab-host-01,chrome.exe,1100,explorer.exe,network_connection,connect,api.tracker.gg,0,0.0,0.0,192.168.1.27,api.tracker.gg,benign,benign
320,2026-06-26T12:09:17,simulated_behavior,lab-host-01,Valorant_Tracker.exe,1500,explorer.exe,file_read,read,C:\Users\User\Documents\file_59.txt,0,3.0306951958305213,3.288310831933895,,,benign,benign
321,2026-06-26T12:09:19,simulated_behavior,lab-host-01,code.exe,1200,explorer.exe,file_write,write,C:\Users\User\AppData\Local\Temp\log_5.tmp,2023,3.953813228182562,2.7625569488585224,,,benign,benign
322,2026-06-26T12:09:21,simulated_behavior,lab-host-01,Valorant_Tracker.exe,1500,explorer.exe,registry_set,set,HKCU\Software\Valorant_Tracker\Settings,0,0.0,0.0,,,benign,benign
323,2026-06-26T12:09:23,simulated_behavior,lab-host-01,idman642build63.exe,1400,explorer.exe,network_connection,connect,google.com,0,0.0,0.0,192.168.1.220,google.com,benign,benign
324,2026-06-26T12:09:25,simulated_behavior,lab-host-01,python.exe,1300,cmd.exe,file_read,read,C:\Users\User\Documents\file_87.txt,0,4.718684368336533,3.76001879504531,,,benign,benign
325,2026-06-26T12:09:27,simulated_behavior,lab-host-01,python.exe,1300,cmd.exe,file_write,write,C:\Users\User\AppData\Local\Temp\log_41.tmp,3043,4.218596707273308,3.319868713475447,,,benign,benign
326,2026-06-26T12:09:29,simulated_behavior,lab-host-01,Valorant_Tracker.exe,1500,explorer.exe,registry_set,set,HKCU\Software\Valorant_Tracker\Settings,0,0.0,0.0,,,benign,benign
327,2026-06-26T12:09:31,simulated_behavior,lab-host-01,chrome.exe,1100,explorer.exe,network_connection,connect,google.com,0,0.0,0.0,192.168.1.62,google.com,benign,benign
328,2026-06-26T12:09:33,simulated_behavior,lab-host-01,python.exe,1300,cmd.exe,file_read,read,C:\Users\User\Documents\file_30.txt,0,4.493532733475854,3.867942943846251,,,benign,benign
329,2026-06-26T12:09:35,simulated_behavior,lab-host-01,chrome.exe,1100,explorer.exe,file_write,write,C:\Users\User\AppData\Local\Temp\log_49.tmp,2695,3.759727073322595,2.3512681008070437,,,benign,benign
330,2026-06-26T12:09:37,simulated_behavior,lab-host-01,code.exe,1200,explorer.exe,registry_set,set,HKCU\Software\code\Settings,0,0.0,0.0,,,benign,benign
331,2026-06-26T12:09:39,simulated_behavior,lab-host-01,python.exe,1300,cmd.exe,network_connection,connect,google.com,0,0.0,0.0,192.168.1.13,google.com,benign,benign
332,2026-06-26T12:09:41,simulated_behavior,lab-host-01,python.exe,1300,cmd.exe,file_read,read,C:\Users\User\Documents\file_8.txt,0,3.586735551930418,3.7496821795506294,,,benign,benign
333,2026-06-26T12:09:43,simulated_behavior,lab-host-01,code.exe,1200,explorer.exe,file_write,write,C:\Users\User\AppData\Local\Temp\log_16.tmp,2275,3.0301293724389384,3.8045009283818203,,,benign,benign
334,2026-06-26T12:09:45,simulated_behavior,lab-host-01,code.exe,1200,explorer.exe,registry_set,set,HKCU\Software\code\Settings,0,0.0,0.0,,,benign,benign
335,2026-06-26T12:09:47,simulated_behavior,lab-host-01,code.exe,1200,explorer.exe,network_connection,connect,github.com,0,0.0,0.0,192.168.1.22,github.com,benign,benign
336,2026-06-26T12:09:49,simulated_behavior,lab-host-01,Valorant_Tracker.exe,1500,explorer.exe,file_read,read,C:\Users\User\Documents\file_49.txt,0,4.2394207370748305,3.4816595837126263,,,benign,benign
337,2026-06-26T12:09:51,simulated_behavior,lab-host-01,Valorant_Tracker.exe,1500,explorer.exe,file_write,write,C:\Users\User\AppData\Local\Temp\log_10.tmp,1051,3.152874783387494,2.7349433485338555,,,benign,benign
338,2026-06-26T12:09:53,simulated_behavior,lab-host-01,python.exe,1300,cmd.exe,registry_set,set,HKCU\Software\python\Settings,0,0.0,0.0,,,benign,benign
339,2026-06-26T12:09:55,simulated_behavior,lab-host-01,chrome.exe,1100,explorer.exe,network_connection,connect,api.tracker.gg,0,0.0,0.0,192.168.1.232,api.tracker.gg,benign,benign
340,2026-06-26T12:09:57,simulated_behavior,lab-host-01,python.exe,1300,cmd.exe,file_read,read,C:\Users\User\Documents\file_87.txt,0,4.093196275204057,3.147723800565746,,,benign,benign
341,2026-06-26T12:09:59,simulated_behavior,lab-host-01,python.exe,1300,cmd.exe,file_write,write,C:\Users\User\AppData\Local\Temp\log_38.tmp,1325,3.5973467559000305,3.1607723461522443,,,benign,benign
342,2026-06-26T12:10:01,simulated_behavior,lab-host-01,python.exe,1300,cmd.exe,registry_set,set,HKCU\Software\python\Settings,0,0.0,0.0,,,benign,benign
343,2026-06-26T12:10:03,simulated_behavior,lab-host-01,idman642build63.exe,1400,explorer.exe,network_connection,connect,microsoft.com,0,0.0,0.0,192.168.1.52,microsoft.com,benign,benign
344,2026-06-26T12:10:05,simulated_behavior,lab-host-01,idman642build63.exe,1400,explorer.exe,file_read,read,C:\Users\User\Documents\file_62.txt,0,3.2133065348447216,3.762728595315258,,,benign,benign
345,2026-06-26T12:10:07,simulated_behavior,lab-host-01,python.exe,1300,cmd.exe,file_write,write,C:\Users\User\AppData\Local\Temp\log_37.tmp,1311,4.481730109067244,2.8380768847081734,,,benign,benign
346,2026-06-26T12:10:09,simulated_behavior,lab-host-01,idman642build63.exe,1400,explorer.exe,registry_set,set,HKCU\Software\idman642build63\Settings,0,0.0,0.0,,,benign,benign
347,2026-06-26T12:10:11,simulated_behavior,lab-host-01,python.exe,1300,cmd.exe,network_connection,connect,google.com,0,0.0,0.0,192.168.1.146,google.com,benign,benign
348,2026-06-26T12:10:13,simulated_behavior,lab-host-01,chrome.exe,1100,explorer.exe,file_read,read,C:\Users\User\Documents\file_78.txt,0,4.49034430826794,4.665677799346376,,,benign,benign
349,2026-06-26T12:10:15,simulated_behavior,lab-host-01,python.exe,1300,cmd.exe,file_write,write,C:\Users\User\AppData\Local\Temp\log_50.tmp,3372,2.5752959774260407,4.104829893863219,,,benign,benign
350,2026-06-26T12:10:17,simulated_behavior,lab-host-01,code.exe,1200,explorer.exe,registry_set,set,HKCU\Software\code\Settings,0,0.0,0.0,,,benign,benign
351,2026-06-26T12:10:19,simulated_behavior,lab-host-01,code.exe,1200,explorer.exe,network_connection,connect,microsoft.com,0,0.0,0.0,192.168.1.175,microsoft.com,benign,benign
352,2026-06-26T12:10:21,simulated_behavior,lab-host-01,code.exe,1200,explorer.exe,file_read,read,C:\Users\User\Documents\file_81.txt,0,3.194327859631236,4.254916215633461,,,benign,benign
353,2026-06-26T12:10:23,simulated_behavior,lab-host-01,chrome.exe,1100,explorer.exe,file_write,write,C:\Users\User\AppData\Local\Temp\log_20.tmp,3330,3.102057975407029,3.5489345134210066,,,benign,benign
354,2026-06-26T12:10:25,simulated_behavior,lab-host-01,code.exe,1200,explorer.exe,registry_set,set,HKCU\Software\code\Settings,0,0.0,0.0,,,benign,benign
355,2026-06-26T12:10:27,simulated_behavior,lab-host-01,chrome.exe,1100,explorer.exe,network_connection,connect,microsoft.com,0,0.0,0.0,192.168.1.85,microsoft.com,benign,benign
356,2026-06-26T12:10:29,simulated_behavior,lab-host-01,idman642build63.exe,1400,explorer.exe,file_read,read,C:\Users\User\Documents\file_23.txt,0,3.401589589300152,4.57302562206101,,,benign,benign
357,2026-06-26T12:10:31,simulated_behavior,lab-host-01,python.exe,1300,cmd.exe,file_write,write,C:\Users\User\AppData\Local\Temp\log_34.tmp,2155,4.283717436204242,4.176181548918493,,,benign,benign
358,2026-06-26T12:10:33,simulated_behavior,lab-host-01,python.exe,1300,cmd.exe,registry_set,set,HKCU\Software\python\Settings,0,0.0,0.0,,,benign,benign
359,2026-06-26T12:10:35,simulated_behavior,lab-host-01,idman642build63.exe,1400,explorer.exe,network_connection,connect,microsoft.com,0,0.0,0.0,192.168.1.193,microsoft.com,benign,benign
360,2026-06-26T12:10:37,simulated_behavior,lab-host-01,python.exe,1300,cmd.exe,file_read,read,C:\Users\User\Documents\file_15.txt,0,3.936662777705391,3.150598721813515,,,benign,benign
361,2026-06-26T12:10:39,simulated_behavior,lab-host-01,code.exe,1200,explorer.exe,file_write,write,C:\Users\User\AppData\Local\Temp\log_44.tmp,3066,3.686015575750586,3.0935287380082483,,,benign,benign
362,2026-06-26T12:10:41,simulated_behavior,lab-host-01,Valorant_Tracker.exe,1500,explorer.exe,registry_set,set,HKCU\Software\Valorant_Tracker\Settings,0,0.0,0.0,,,benign,benign
363,2026-06-26T12:10:43,simulated_behavior,lab-host-01,python.exe,1300,cmd.exe,network_connection,connect,google.com,0,0.0,0.0,192.168.1.204,google.com,benign,benign
364,2026-06-26T12:10:45,simulated_behavior,lab-host-01,idman642build63.exe,1400,explorer.exe,file_read,read,C:\Users\User\Documents\file_2.txt,0,3.5289171567048476,3.2471774735269845,,,benign,benign
365,2026-06-26T12:10:47,simulated_behavior,lab-host-01,python.exe,1300,cmd.exe,file_write,write,C:\Users\User\AppData\Local\Temp\log_44.tmp,3167,3.6808519933775328,3.561400229130415,,,benign,benign
366,2026-06-26T12:10:49,simulated_behavior,lab-host-01,python.exe,1300,cmd.exe,registry_set,set,HKCU\Software\python\Settings,0,0.0,0.0,,,benign,benign
367,2026-06-26T12:10:51,simulated_behavior,lab-host-01,chrome.exe,1100,explorer.exe,network_connection,connect,github.com,0,0.0,0.0,192.168.1.122,github.com,benign,benign
368,2026-06-26T12:10:53,simulated_behavior,lab-host-01,chrome.exe,1100,explorer.exe,file_read,read,C:\Users\User\Documents\file_80.txt,0,4.768469690429704,4.122814764499758,,,benign,benign
369,2026-06-26T12:10:55,simulated_behavior,lab-host-01,Valorant_Tracker.exe,1500,explorer.exe,file_write,write,C:\Users\User\AppData\Local\Temp\log_15.tmp,2752,2.1580426029004887,4.159638378476119,,,benign,benign
370,2026-06-26T12:10:57,simulated_behavior,lab-host-01,python.exe,1300,cmd.exe,registry_set,set,HKCU\Software\python\Settings,0,0.0,0.0,,,benign,benign
371,2026-06-26T12:10:59,simulated_behavior,lab-host-01,idman642build63.exe,1400,explorer.exe,network_connection,connect,google.com,0,0.0,0.0,192.168.1.37,google.com,benign,benign
372,2026-06-26T12:11:01,simulated_behavior,lab-host-01,chrome.exe,1100,explorer.exe,file_read,read,C:\Users\User\Documents\file_5.txt,0,3.6087291687120104,3.9852492379564115,,,benign,benign
373,2026-06-26T12:11:03,simulated_behavior,lab-host-01,chrome.exe,1100,explorer.exe,file_write,write,C:\Users\User\AppData\Local\Temp\log_16.tmp,3734,3.3438665147063142,3.0716145778753563,,,benign,benign
374,2026-06-26T12:11:05,simulated_behavior,lab-host-01,python.exe,1300,cmd.exe,registry_set,set,HKCU\Software\python\Settings,0,0.0,0.0,,,benign,benign
375,2026-06-26T12:11:07,simulated_behavior,lab-host-01,Valorant_Tracker.exe,1500,explorer.exe,network_connection,connect,api.tracker.gg,0,0.0,0.0,192.168.1.152,api.tracker.gg,benign,benign
376,2026-06-26T12:11:09,simulated_behavior,lab-host-01,code.exe,1200,explorer.exe,file_read,read,C:\Users\User\Documents\file_54.txt,0,4.309843794986928,4.667386166592643,,,benign,benign
377,2026-06-26T12:11:11,simulated_behavior,lab-host-01,Valorant_Tracker.exe,1500,explorer.exe,file_write,write,C:\Users\User\AppData\Local\Temp\log_27.tmp,3946,4.378803813452649,2.181790717137617,,,benign,benign
378,2026-06-26T12:11:13,simulated_behavior,lab-host-01,python.exe,1300,cmd.exe,registry_set,set,HKCU\Software\python\Settings,0,0.0,0.0,,,benign,benign
379,2026-06-26T12:11:15,simulated_behavior,lab-host-01,code.exe,1200,explorer.exe,network_connection,connect,api.tracker.gg,0,0.0,0.0,192.168.1.115,api.tracker.gg,benign,benign
380,2026-06-26T12:11:17,simulated_behavior,lab-host-01,code.exe,1200,explorer.exe,file_read,read,C:\Users\User\Documents\file_47.txt,0,3.1987092492122606,4.371360530962571,,,benign,benign
381,2026-06-26T12:11:19,simulated_behavior,lab-host-01,Valorant_Tracker.exe,1500,explorer.exe,file_write,write,C:\Users\User\AppData\Local\Temp\log_42.tmp,1569,2.151375222916522,2.789703602153967,,,benign,benign
382,2026-06-26T12:11:21,simulated_behavior,lab-host-01,chrome.exe,1100,explorer.exe,registry_set,set,HKCU\Software\chrome\Settings,0,0.0,0.0,,,benign,benign
383,2026-06-26T12:11:23,simulated_behavior,lab-host-01,idman642build63.exe,1400,explorer.exe,network_connection,connect,google.com,0,0.0,0.0,192.168.1.171,google.com,benign,benign
384,2026-06-26T12:11:25,simulated_behavior,lab-host-01,code.exe,1200,explorer.exe,file_read,read,C:\Users\User\Documents\file_83.txt,0,4.278985837059407,4.942186624129972,,,benign,benign
385,2026-06-26T12:11:27,simulated_behavior,lab-host-01,chrome.exe,1100,explorer.exe,file_write,write,C:\Users\User\AppData\Local\Temp\log_22.tmp,1097,4.472052259853554,4.067445249940789,,,benign,benign
386,2026-06-26T12:11:29,simulated_behavior,lab-host-01,code.exe,1200,explorer.exe,registry_set,set,HKCU\Software\code\Settings,0,0.0,0.0,,,benign,benign
387,2026-06-26T12:11:31,simulated_behavior,lab-host-01,chrome.exe,1100,explorer.exe,network_connection,connect,github.com,0,0.0,0.0,192.168.1.152,github.com,benign,benign
388,2026-06-26T12:11:33,simulated_behavior,lab-host-01,code.exe,1200,explorer.exe,file_read,read,C:\Users\User\Documents\file_30.txt,0,3.657119106864461,3.2951083598828874,,,benign,benign
389,2026-06-26T12:11:35,simulated_behavior,lab-host-01,Valorant_Tracker.exe,1500,explorer.exe,file_write,write,C:\Users\User\AppData\Local\Temp\log_1.tmp,1235,4.146015315950441,2.46171995080127,,,benign,benign
390,2026-06-26T12:11:37,simulated_behavior,lab-host-01,code.exe,1200,explorer.exe,registry_set,set,HKCU\Software\code\Settings,0,0.0,0.0,,,benign,benign
391,2026-06-26T12:11:39,simulated_behavior,lab-host-01,Valorant_Tracker.exe,1500,explorer.exe,network_connection,connect,microsoft.com,0,0.0,0.0,192.168.1.206,microsoft.com,benign,benign
392,2026-06-26T12:11:41,simulated_behavior,lab-host-01,code.exe,1200,explorer.exe,file_read,read,C:\Users\User\Documents\file_15.txt,0,4.322115285194633,3.0515602995723965,,,benign,benign
393,2026-06-26T12:11:43,simulated_behavior,lab-host-01,chrome.exe,1100,explorer.exe,file_write,write,C:\Users\User\AppData\Local\Temp\log_23.tmp,3335,3.971078836134292,3.5721323051261056,,,benign,benign
394,2026-06-26T12:11:45,simulated_behavior,lab-host-01,chrome.exe,1100,explorer.exe,registry_set,set,HKCU\Software\chrome\Settings,0,0.0,0.0,,,benign,benign
395,2026-06-26T12:11:47,simulated_behavior,lab-host-01,code.exe,1200,explorer.exe,network_connection,connect,microsoft.com,0,0.0,0.0,192.168.1.15,microsoft.com,benign,benign
396,2026-06-26T12:11:49,simulated_behavior,lab-host-01,code.exe,1200,explorer.exe,file_read,read,C:\Users\User\Documents\file_95.txt,0,3.8419211138201583,3.227298613573093,,,benign,benign
397,2026-06-26T12:11:51,simulated_behavior,lab-host-01,chrome.exe,1100,explorer.exe,file_write,write,C:\Users\User\AppData\Local\Temp\log_31.tmp,1936,3.945042598285507,3.383094894022979,,,benign,benign
398,2026-06-26T12:11:53,simulated_behavior,lab-host-01,chrome.exe,1100,explorer.exe,registry_set,set,HKCU\Software\chrome\Settings,0,0.0,0.0,,,benign,benign
399,2026-06-26T12:11:55,simulated_behavior,lab-host-01,idman642build63.exe,1400,explorer.exe,network_connection,connect,github.com,0,0.0,0.0,192.168.1.244,github.com,benign,benign
400,2026-06-26T12:11:57,simulated_behavior,lab-host-01,Valorant_Tracker.exe,1500,explorer.exe,file_read,read,C:\Users\User\Documents\file_6.txt,0,4.45448599432747,4.8175033758130805,,,benign,benign
401,2026-06-26T12:11:59,simulated_behavior,lab-host-01,Valorant_Tracker.exe,1500,explorer.exe,file_write,write,C:\Users\User\AppData\Local\Temp\log_20.tmp,1976,3.608351710513722,2.17787659877586,,,benign,benign
402,2026-06-26T12:12:01,simulated_behavior,lab-host-01,idman642build63.exe,1400,explorer.exe,registry_set,set,HKCU\Software\idman642build63\Settings,0,0.0,0.0,,,benign,benign
403,2026-06-26T12:12:03,simulated_behavior,lab-host-01,idman642build63.exe,1400,explorer.exe,network_connection,connect,api.tracker.gg,0,0.0,0.0,192.168.1.177,api.tracker.gg,benign,benign
404,2026-06-26T12:12:05,simulated_behavior,lab-host-01,chrome.exe,1100,explorer.exe,file_read,read,C:\Users\User\Documents\file_63.txt,0,4.4248026297941925,3.8871246587260173,,,benign,benign
405,2026-06-26T12:12:07,simulated_behavior,lab-host-01,chrome.exe,1100,explorer.exe,file_write,write,C:\Users\User\AppData\Local\Temp\log_21.tmp,2591,2.370834564150911,2.4154789707626403,,,benign,benign
406,2026-06-26T12:12:09,simulated_behavior,lab-host-01,Valorant_Tracker.exe,1500,explorer.exe,registry_set,set,HKCU\Software\Valorant_Tracker\Settings,0,0.0,0.0,,,benign,benign
407,2026-06-26T12:12:11,simulated_behavior,lab-host-01,Valorant_Tracker.exe,1500,explorer.exe,network_connection,connect,microsoft.com,0,0.0,0.0,192.168.1.99,microsoft.com,benign,benign
408,2026-06-26T12:12:13,simulated_behavior,lab-host-01,Valorant_Tracker.exe,1500,explorer.exe,file_read,read,C:\Users\User\Documents\file_68.txt,0,3.5897954918997796,4.011102148971361,,,benign,benign
409,2026-06-26T12:12:15,simulated_behavior,lab-host-01,idman642build63.exe,1400,explorer.exe,file_write,write,C:\Users\User\AppData\Local\Temp\log_7.tmp,3348,3.7544485463651656,4.231981843238938,,,benign,benign
410,2026-06-26T12:12:17,simulated_behavior,lab-host-01,Valorant_Tracker.exe,1500,explorer.exe,registry_set,set,HKCU\Software\Valorant_Tracker\Settings,0,0.0,0.0,,,benign,benign
411,2026-06-26T12:12:19,simulated_behavior,lab-host-01,code.exe,1200,explorer.exe,network_connection,connect,api.tracker.gg,0,0.0,0.0,192.168.1.117,api.tracker.gg,benign,benign
412,2026-06-26T12:12:21,simulated_behavior,lab-host-01,code.exe,1200,explorer.exe,file_read,read,C:\Users\User\Documents\file_53.txt,0,3.6778632376703504,3.9069978058148944,,,benign,benign
413,2026-06-26T12:12:23,simulated_behavior,lab-host-01,idman642build63.exe,1400,explorer.exe,file_write,write,C:\Users\User\AppData\Local\Temp\log_47.tmp,489,2.7813708749928328,2.8813089278546693,,,benign,benign
414,2026-06-26T12:12:25,simulated_behavior,lab-host-01,python.exe,1300,cmd.exe,registry_set,set,HKCU\Software\python\Settings,0,0.0,0.0,,,benign,benign
415,2026-06-26T12:12:27,simulated_behavior,lab-host-01,python.exe,1300,cmd.exe,network_connection,connect,github.com,0,0.0,0.0,192.168.1.177,github.com,benign,benign
416,2026-06-26T12:12:29,simulated_behavior,lab-host-01,idman642build63.exe,1400,explorer.exe,file_read,read,C:\Users\User\Documents\file_9.txt,0,3.1824495767320973,3.170728714663239,,,benign,benign
417,2026-06-26T12:12:31,simulated_behavior,lab-host-01,idman642build63.exe,1400,explorer.exe,file_write,write,C:\Users\User\AppData\Local\Temp\log_7.tmp,3149,3.8469899962217893,4.129423213193481,,,benign,benign
418,2026-06-26T12:12:33,simulated_behavior,lab-host-01,Valorant_Tracker.exe,1500,explorer.exe,registry_set,set,HKCU\Software\Valorant_Tracker\Settings,0,0.0,0.0,,,benign,benign
419,2026-06-26T12:12:35,simulated_behavior,lab-host-01,chrome.exe,1100,explorer.exe,network_connection,connect,microsoft.com,0,0.0,0.0,192.168.1.173,microsoft.com,benign,benign
420,2026-06-26T12:12:37,simulated_behavior,lab-host-01,chrome.exe,1100,explorer.exe,file_read,read,C:\Users\User\Documents\file_53.txt,0,3.7071961592675353,4.330681040005831,,,benign,benign
421,2026-06-26T12:12:39,simulated_behavior,lab-host-01,idman642build63.exe,1400,explorer.exe,file_write,write,C:\Users\User\AppData\Local\Temp\log_47.tmp,310,4.4209965632786865,3.601025228061692,,,benign,benign
422,2026-06-26T12:12:41,simulated_behavior,lab-host-01,python.exe,1300,cmd.exe,registry_set,set,HKCU\Software\python\Settings,0,0.0,0.0,,,benign,benign
423,2026-06-26T12:12:43,simulated_behavior,lab-host-01,chrome.exe,1100,explorer.exe,network_connection,connect,github.com,0,0.0,0.0,192.168.1.41,github.com,benign,benign
424,2026-06-26T12:12:45,simulated_behavior,lab-host-01,idman642build63.exe,1400,explorer.exe,file_read,read,C:\Users\User\Documents\file_29.txt,0,4.694549696269905,3.700227988442382,,,benign,benign
425,2026-06-26T12:12:47,simulated_behavior,lab-host-01,Valorant_Tracker.exe,1500,explorer.exe,file_write,write,C:\Users\User\AppData\Local\Temp\log_24.tmp,570,3.9065140798421245,3.5352500108286566,,,benign,benign
426,2026-06-26T12:12:49,simulated_behavior,lab-host-01,idman642build63.exe,1400,explorer.exe,registry_set,set,HKCU\Software\idman642build63\Settings,0,0.0,0.0,,,benign,benign
427,2026-06-26T12:12:51,simulated_behavior,lab-host-01,Valorant_Tracker.exe,1500,explorer.exe,network_connection,connect,google.com,0,0.0,0.0,192.168.1.157,google.com,benign,benign
428,2026-06-26T12:12:53,simulated_behavior,lab-host-01,python.exe,1300,cmd.exe,file_read,read,C:\Users\User\Documents\file_4.txt,0,3.3608321439217086,4.405397545731209,,,benign,benign
429,2026-06-26T12:12:55,simulated_behavior,lab-host-01,python.exe,1300,cmd.exe,file_write,write,C:\Users\User\AppData\Local\Temp\log_22.tmp,1537,2.0152644735091467,4.274656766341096,,,benign,benign
430,2026-06-26T12:12:57,simulated_behavior,lab-host-01,Valorant_Tracker.exe,1500,explorer.exe,registry_set,set,HKCU\Software\Valorant_Tracker\Settings,0,0.0,0.0,,,benign,benign
431,2026-06-26T12:12:59,simulated_behavior,lab-host-01,idman642build63.exe,1400,explorer.exe,network_connection,connect,google.com,0,0.0,0.0,192.168.1.38,google.com,benign,benign
432,2026-06-26T12:13:01,simulated_behavior,lab-host-01,chrome.exe,1100,explorer.exe,file_read,read,C:\Users\User\Documents\file_12.txt,0,4.492223524011413,3.430265760067022,,,benign,benign
433,2026-06-26T12:13:03,simulated_behavior,lab-host-01,idman642build63.exe,1400,explorer.exe,file_write,write,C:\Users\User\AppData\Local\Temp\log_30.tmp,1496,2.3935231896127216,2.879093424260541,,,benign,benign
434,2026-06-26T12:13:05,simulated_behavior,lab-host-01,python.exe,1300,cmd.exe,registry_set,set,HKCU\Software\python\Settings,0,0.0,0.0,,,benign,benign
435,2026-06-26T12:13:07,simulated_behavior,lab-host-01,Valorant_Tracker.exe,1500,explorer.exe,network_connection,connect,google.com,0,0.0,0.0,192.168.1.228,google.com,benign,benign
436,2026-06-26T12:13:09,simulated_behavior,lab-host-01,chrome.exe,1100,explorer.exe,file_read,read,C:\Users\User\Documents\file_20.txt,0,3.3148197942143063,4.235676363852061,,,benign,benign
437,2026-06-26T12:13:11,simulated_behavior,lab-host-01,chrome.exe,1100,explorer.exe,file_write,write,C:\Users\User\AppData\Local\Temp\log_18.tmp,1914,3.654846732020653,3.3141542622274907,,,benign,benign
438,2026-06-26T12:13:13,simulated_behavior,lab-host-01,idman642build63.exe,1400,explorer.exe,registry_set,set,HKCU\Software\idman642build63\Settings,0,0.0,0.0,,,benign,benign
439,2026-06-26T12:13:15,simulated_behavior,lab-host-01,idman642build63.exe,1400,explorer.exe,network_connection,connect,microsoft.com,0,0.0,0.0,192.168.1.57,microsoft.com,benign,benign
440,2026-06-26T12:13:17,simulated_behavior,lab-host-01,Valorant_Tracker.exe,1500,explorer.exe,file_read,read,C:\Users\User\Documents\file_15.txt,0,3.690345710961724,3.221779544401861,,,benign,benign
441,2026-06-26T12:13:19,simulated_behavior,lab-host-01,Valorant_Tracker.exe,1500,explorer.exe,file_write,write,C:\Users\User\AppData\Local\Temp\log_32.tmp,2258,3.667831396840874,2.213543406511069,,,benign,benign
442,2026-06-26T12:13:21,simulated_behavior,lab-host-01,idman642build63.exe,1400,explorer.exe,registry_set,set,HKCU\Software\idman642build63\Settings,0,0.0,0.0,,,benign,benign
443,2026-06-26T12:13:23,simulated_behavior,lab-host-01,Valorant_Tracker.exe,1500,explorer.exe,network_connection,connect,google.com,0,0.0,0.0,192.168.1.3,google.com,benign,benign
444,2026-06-26T12:13:25,simulated_behavior,lab-host-01,code.exe,1200,explorer.exe,file_read,read,C:\Users\User\Documents\file_39.txt,0,4.890648174453288,4.534699054617208,,,benign,benign
445,2026-06-26T12:13:27,simulated_behavior,lab-host-01,python.exe,1300,cmd.exe,file_write,write,C:\Users\User\AppData\Local\Temp\log_19.tmp,1443,2.299960859263873,3.343463321533317,,,benign,benign
446,2026-06-26T12:13:29,simulated_behavior,lab-host-01,idman642build63.exe,1400,explorer.exe,registry_set,set,HKCU\Software\idman642build63\Settings,0,0.0,0.0,,,benign,benign
447,2026-06-26T12:13:31,simulated_behavior,lab-host-01,code.exe,1200,explorer.exe,network_connection,connect,github.com,0,0.0,0.0,192.168.1.99,github.com,benign,benign
448,2026-06-26T12:13:33,simulated_behavior,lab-host-01,Valorant_Tracker.exe,1500,explorer.exe,file_read,read,C:\Users\User\Documents\file_91.txt,0,3.460221432153319,4.117447135349425,,,benign,benign
449,2026-06-26T12:13:35,simulated_behavior,lab-host-01,python.exe,1300,cmd.exe,file_write,write,C:\Users\User\AppData\Local\Temp\log_5.tmp,1726,4.154410905056471,2.2057556539069787,,,benign,benign
450,2026-06-26T12:13:37,simulated_behavior,lab-host-01,chrome.exe,1100,explorer.exe,registry_set,set,HKCU\Software\chrome\Settings,0,0.0,0.0,,,benign,benign
451,2026-06-26T12:13:39,simulated_behavior,lab-host-01,idman642build63.exe,1400,explorer.exe,network_connection,connect,google.com,0,0.0,0.0,192.168.1.222,google.com,benign,benign
452,2026-06-26T12:13:41,simulated_behavior,lab-host-01,python.exe,1300,cmd.exe,file_read,read,C:\Users\User\Documents\file_74.txt,0,3.858568572601671,3.8088457690104685,,,benign,benign
453,2026-06-26T12:13:43,simulated_behavior,lab-host-01,idman642build63.exe,1400,explorer.exe,file_write,write,C:\Users\User\AppData\Local\Temp\log_19.tmp,571,3.0125807676623864,4.515499227582815,,,benign,benign
454,2026-06-26T12:13:45,simulated_behavior,lab-host-01,code.exe,1200,explorer.exe,registry_set,set,HKCU\Software\code\Settings,0,0.0,0.0,,,benign,benign
455,2026-06-26T12:13:47,simulated_behavior,lab-host-01,Valorant_Tracker.exe,1500,explorer.exe,network_connection,connect,api.tracker.gg,0,0.0,0.0,192.168.1.214,api.tracker.gg,benign,benign
456,2026-06-26T12:13:49,simulated_behavior,lab-host-01,python.exe,1300,cmd.exe,file_read,read,C:\Users\User\Documents\file_12.txt,0,3.8734235591364556,3.211726266791172,,,benign,benign
457,2026-06-26T12:13:51,simulated_behavior,lab-host-01,idman642build63.exe,1400,explorer.exe,file_write,write,C:\Users\User\AppData\Local\Temp\log_38.tmp,1740,3.3099063575015792,3.089416742148332,,,benign,benign
458,2026-06-26T12:13:53,simulated_behavior,lab-host-01,python.exe,1300,cmd.exe,registry_set,set,HKCU\Software\python\Settings,0,0.0,0.0,,,benign,benign
459,2026-06-26T12:13:55,simulated_behavior,lab-host-01,python.exe,1300,cmd.exe,network_connection,connect,github.com,0,0.0,0.0,192.168.1.87,github.com,benign,benign
460,2026-06-26T12:13:57,simulated_behavior,lab-host-01,code.exe,1200,explorer.exe,file_read,read,C:\Users\User\Documents\file_10.txt,0,4.020966569084297,3.228053279677105,,,benign,benign
461,2026-06-26T12:13:59,simulated_behavior,lab-host-01,Valorant_Tracker.exe,1500,explorer.exe,file_write,write,C:\Users\User\AppData\Local\Temp\log_13.tmp,3810,3.940570573310838,2.977749337393401,,,benign,benign
462,2026-06-26T12:14:01,simulated_behavior,lab-host-01,code.exe,1200,explorer.exe,registry_set,set,HKCU\Software\code\Settings,0,0.0,0.0,,,benign,benign
463,2026-06-26T12:14:03,simulated_behavior,lab-host-01,code.exe,1200,explorer.exe,network_connection,connect,google.com,0,0.0,0.0,192.168.1.39,google.com,benign,benign
464,2026-06-26T12:14:05,simulated_behavior,lab-host-01,python.exe,1300,cmd.exe,file_read,read,C:\Users\User\Documents\file_26.txt,0,3.34699804488419,3.3057395780118597,,,benign,benign
465,2026-06-26T12:14:07,simulated_behavior,lab-host-01,chrome.exe,1100,explorer.exe,file_write,write,C:\Users\User\AppData\Local\Temp\log_12.tmp,3996,3.9321202231189005,3.3352925625434713,,,benign,benign
466,2026-06-26T12:14:09,simulated_behavior,lab-host-01,Valorant_Tracker.exe,1500,explorer.exe,registry_set,set,HKCU\Software\Valorant_Tracker\Settings,0,0.0,0.0,,,benign,benign
467,2026-06-26T12:14:11,simulated_behavior,lab-host-01,Valorant_Tracker.exe,1500,explorer.exe,network_connection,connect,api.tracker.gg,0,0.0,0.0,192.168.1.176,api.tracker.gg,benign,benign
468,2026-06-26T12:14:13,simulated_behavior,lab-host-01,Valorant_Tracker.exe,1500,explorer.exe,file_read,read,C:\Users\User\Documents\file_83.txt,0,4.270596638121187,4.249043558883789,,,benign,benign
469,2026-06-26T12:14:15,simulated_behavior,lab-host-01,python.exe,1300,cmd.exe,file_write,write,C:\Users\User\AppData\Local\Temp\log_10.tmp,1901,2.1707156462393904,3.205520159590712,,,benign,benign
470,2026-06-26T12:14:17,simulated_behavior,lab-host-01,python.exe,1300,cmd.exe,registry_set,set,HKCU\Software\python\Settings,0,0.0,0.0,,,benign,benign
471,2026-06-26T12:14:19,simulated_behavior,lab-host-01,python.exe,1300,cmd.exe,network_connection,connect,google.com,0,0.0,0.0,192.168.1.92,google.com,benign,benign
472,2026-06-26T12:14:21,simulated_behavior,lab-host-01,Valorant_Tracker.exe,1500,explorer.exe,file_read,read,C:\Users\User\Documents\file_10.txt,0,3.6208157012126216,3.9038277274013646,,,benign,benign
473,2026-06-26T12:14:23,simulated_behavior,lab-host-01,chrome.exe,1100,explorer.exe,file_write,write,C:\Users\User\AppData\Local\Temp\log_24.tmp,3506,2.717692581503298,3.7116661739395935,,,benign,benign
474,2026-06-26T12:14:25,simulated_behavior,lab-host-01,chrome.exe,1100,explorer.exe,registry_set,set,HKCU\Software\chrome\Settings,0,0.0,0.0,,,benign,benign
475,2026-06-26T12:14:27,simulated_behavior,lab-host-01,Valorant_Tracker.exe,1500,explorer.exe,network_connection,connect,api.tracker.gg,0,0.0,0.0,192.168.1.120,api.tracker.gg,benign,benign
476,2026-06-26T12:14:29,simulated_behavior,lab-host-01,Valorant_Tracker.exe,1500,explorer.exe,file_read,read,C:\Users\User\Documents\file_71.txt,0,4.90846295344558,4.477842090962481,,,benign,benign
477,2026-06-26T12:14:31,simulated_behavior,lab-host-01,chrome.exe,1100,explorer.exe,file_write,write,C:\Users\User\AppData\Local\Temp\log_29.tmp,3823,4.024539794244928,3.7295936366215248,,,benign,benign
478,2026-06-26T12:14:33,simulated_behavior,lab-host-01,python.exe,1300,cmd.exe,registry_set,set,HKCU\Software\python\Settings,0,0.0,0.0,,,benign,benign
479,2026-06-26T12:14:35,simulated_behavior,lab-host-01,Valorant_Tracker.exe,1500,explorer.exe,network_connection,connect,api.tracker.gg,0,0.0,0.0,192.168.1.130,api.tracker.gg,benign,benign
480,2026-06-26T12:14:37,simulated_behavior,lab-host-01,code.exe,1200,explorer.exe,file_read,read,C:\Users\User\Documents\file_8.txt,0,3.9010462180301824,4.621933622645241,,,benign,benign
481,2026-06-26T12:14:39,simulated_behavior,lab-host-01,python.exe,1300,cmd.exe,file_write,write,C:\Users\User\AppData\Local\Temp\log_46.tmp,445,3.2613725037523933,2.5313972785909122,,,benign,benign
482,2026-06-26T12:14:41,simulated_behavior,lab-host-01,code.exe,1200,explorer.exe,registry_set,set,HKCU\Software\code\Settings,0,0.0,0.0,,,benign,benign
483,2026-06-26T12:14:43,simulated_behavior,lab-host-01,idman642build63.exe,1400,explorer.exe,network_connection,connect,api.tracker.gg,0,0.0,0.0,192.168.1.136,api.tracker.gg,benign,benign
484,2026-06-26T12:14:45,simulated_behavior,lab-host-01,Valorant_Tracker.exe,1500,explorer.exe,file_read,read,C:\Users\User\Documents\file_79.txt,0,3.3174924159630828,3.7457039642026544,,,benign,benign
485,2026-06-26T12:14:47,simulated_behavior,lab-host-01,python.exe,1300,cmd.exe,file_write,write,C:\Users\User\AppData\Local\Temp\log_25.tmp,1774,3.9361619714343385,3.7972443013989525,,,benign,benign
486,2026-06-26T12:14:49,simulated_behavior,lab-host-01,chrome.exe,1100,explorer.exe,registry_set,set,HKCU\Software\chrome\Settings,0,0.0,0.0,,,benign,benign
487,2026-06-26T12:14:51,simulated_behavior,lab-host-01,python.exe,1300,cmd.exe,network_connection,connect,google.com,0,0.0,0.0,192.168.1.86,google.com,benign,benign
488,2026-06-26T12:14:53,simulated_behavior,lab-host-01,chrome.exe,1100,explorer.exe,file_read,read,C:\Users\User\Documents\file_72.txt,0,4.356758689680162,3.5682939477562274,,,benign,benign
489,2026-06-26T12:14:55,simulated_behavior,lab-host-01,Valorant_Tracker.exe,1500,explorer.exe,file_write,write,C:\Users\User\AppData\Local\Temp\log_10.tmp,1465,2.2037549686197098,3.759030265015147,,,benign,benign
490,2026-06-26T12:14:57,simulated_behavior,lab-host-01,python.exe,1300,cmd.exe,registry_set,set,HKCU\Software\python\Settings,0,0.0,0.0,,,benign,benign
491,2026-06-26T12:14:59,simulated_behavior,lab-host-01,python.exe,1300,cmd.exe,network_connection,connect,api.tracker.gg,0,0.0,0.0,192.168.1.35,api.tracker.gg,benign,benign
492,2026-06-26T12:15:01,simulated_behavior,lab-host-01,Valorant_Tracker.exe,1500,explorer.exe,file_read,read,C:\Users\User\Documents\file_91.txt,0,4.876004399131522,3.6191637748319216,,,benign,benign
493,2026-06-26T12:15:03,simulated_behavior,lab-host-01,idman642build63.exe,1400,explorer.exe,file_write,write,C:\Users\User\AppData\Local\Temp\log_42.tmp,3342,2.82119138563396,2.419484410250865,,,benign,benign
494,2026-06-26T12:15:05,simulated_behavior,lab-host-01,Valorant_Tracker.exe,1500,explorer.exe,registry_set,set,HKCU\Software\Valorant_Tracker\Settings,0,0.0,0.0,,,benign,benign
495,2026-06-26T12:15:07,simulated_behavior,lab-host-01,chrome.exe,1100,explorer.exe,network_connection,connect,api.tracker.gg,0,0.0,0.0,192.168.1.132,api.tracker.gg,benign,benign
496,2026-06-26T12:15:09,simulated_behavior,lab-host-01,python.exe,1300,cmd.exe,file_read,read,C:\Users\User\Documents\file_3.txt,0,3.725195337964089,3.3605258457536893,,,benign,benign
497,2026-06-26T12:15:11,simulated_behavior,lab-host-01,code.exe,1200,explorer.exe,file_write,write,C:\Users\User\AppData\Local\Temp\log_22.tmp,3981,3.9153905191695486,2.5800130841609654,,,benign,benign
498,2026-06-26T12:15:13,simulated_behavior,lab-host-01,code.exe,1200,explorer.exe,registry_set,set,HKCU\Software\code\Settings,0,0.0,0.0,,,benign,benign
499,2026-06-26T12:15:15,simulated_behavior,lab-host-01,code.exe,1200,explorer.exe,network_connection,connect,google.com,0,0.0,0.0,192.168.1.77,google.com,benign,benign
